Customer ID,Product Information,Product ID,Purchase Date,Quantity , Price Per Gallon 
C-685696,Glycol Ethers,P-16484,4/8/2022,25994, $89.46 
C-685170,Sodium Hydroxide,P-12810,4/2/2022,4604, $76.86 
C-685784,Sodium Hypochlorite,P-14445,12/8/2022,65256, $45.00 
C-685208,Sodium Hypochlorite,P-14445,3/31/2023,8320, $45.00 
C-685249,Hydrochloric Acid,P-13770,7/30/2022,43555, $165.00 
C-685830,Sodium Hydroxide,P-12810,9/14/2023,28114, $76.86 
C-685303,Hydrochloric Acid,P-13770,3/24/2023,43051, $165.00 
C-685427,Hydrogen Peroxide,P-17889,6/8/2024,4733, $57.89 
C-685659,Isopropyl Alcohol,P-15586,1/26/2024,22162, $154.74 
C-685142,Sodium Hypochlorite,P-14445,11/18/2023,29414, $45.00 
C-685840,Glycol Ethers,P-16484,11/21/2022,58170, $89.46 
C-685092,Sodium Hydroxide,P-12810,5/20/2023,21349, $76.86 
C-685372,Glycol Ethers,P-16484,1/31/2022,19625, $89.46 
C-685502,Sodium Hypochlorite,P-14445,7/30/2023,53278, $45.00 
C-685326,Sodium Hydroxide,P-12810,11/2/2023,43986, $76.86 
C-685779,Isopropyl Alcohol,P-15586,12/26/2023,63426, $154.74 
C-685266,Sodium Hydroxide,P-12810,12/24/2022,62326, $76.86 
C-685614,Sodium Hydroxide,P-12810,2/14/2023,68588, $76.86 
C-685478,Sodium Hypochlorite,P-14445,4/13/2022,59052, $45.00 
C-685911,Isopropyl Alcohol,P-15586,9/30/2022,17496, $154.74 
C-685298,Sodium Hypochlorite,P-14445,12/21/2022,30334, $45.00 
C-684964,Glycol Ethers,P-16484,2/18/2022,44505, $89.46 
C-685352,Sodium Hypochlorite,P-14445,12/2/2023,58443, $45.00 
C-685825,Hydrochloric Acid,P-13770,1/7/2023,41109, $165.00 
C-684958,Glycol Ethers,P-16484,4/20/2024,45805, $89.46 
C-685666,Glycol Ethers,P-16484,7/14/2023,3398, $89.46 
C-685616,Sodium Hypochlorite,P-14445,10/7/2022,59966, $45.00 
C-685624,Glycol Ethers,P-16484,12/16/2022,54490, $89.46 
C-685843,Hydrochloric Acid,P-13770,5/11/2022,23362, $165.00 
C-685242,Sodium Hydroxide,P-12810,6/23/2022,50929, $76.86 
C-685769,Hydrogen Peroxide,P-17889,3/8/2023,49548, $57.89 
C-685692,Sodium Hydroxide,P-12810,9/5/2022,57815, $76.86 
C-685701,Isopropyl Alcohol,P-15586,3/22/2024,18237, $154.74 
C-685180,Glycol Ethers,P-16484,9/28/2022,63185, $89.46 
C-685333,Hydrochloric Acid,P-13770,3/3/2024,39006, $165.00 
C-685103,Hydrogen Peroxide,P-17889,12/5/2022,26025, $57.89 
C-685192,Glycol Ethers,P-16484,6/21/2022,17197, $89.46 
C-685102,Glycol Ethers,P-16484,4/22/2024,24698, $89.46 
C-684985,Hydrochloric Acid,P-13770,4/4/2022,19632, $165.00 
C-685937,Hydrogen Peroxide,P-17889,7/20/2023,39359, $57.89 
C-685777,Hydrochloric Acid,P-13770,8/1/2022,5464, $165.00 
C-685890,Sodium Hydroxide,P-12810,5/1/2022,2399, $76.86 
C-685050,Sodium Hydroxide,P-12810,6/15/2023,36087, $76.86 
C-685120,Glycol Ethers,P-16484,4/29/2022,7383, $89.46 
C-685584,Sodium Hydroxide,P-12810,7/1/2022,56054, $76.86 
C-685190,Sodium Hypochlorite,P-14445,4/16/2023,62666, $45.00 
C-685706,Sodium Hypochlorite,P-14445,1/26/2023,22365, $45.00 
C-685336,Glycol Ethers,P-16484,10/13/2022,31072, $89.46 
C-685499,Hydrogen Peroxide,P-17889,1/4/2023,7844, $57.89 
C-685495,Hydrochloric Acid,P-13770,7/12/2023,15271, $165.00 
C-685800,Sodium Hydroxide,P-12810,1/3/2024,51058, $76.86 
C-685267,Hydrochloric Acid,P-13770,9/8/2023,33439, $165.00 
C-685463,Hydrogen Peroxide,P-17889,5/5/2024,35131, $57.89 
C-685858,Glycol Ethers,P-16484,5/26/2023,37415, $89.46 
C-685623,Isopropyl Alcohol,P-15586,2/24/2022,59935, $154.74 
C-685218,Sodium Hydroxide,P-12810,6/3/2024,53030, $76.86 
C-684979,Hydrochloric Acid,P-13770,8/4/2022,36683, $165.00 
C-685314,Sodium Hydroxide,P-12810,3/29/2022,28352, $76.86 
C-685602,Sodium Hydroxide,P-12810,5/9/2024,9110, $76.86 
C-685292,Sodium Hypochlorite,P-14445,10/1/2023,57413, $45.00 
C-685340,Sodium Hypochlorite,P-14445,6/11/2023,65133, $45.00 
C-685636,Glycol Ethers,P-16484,11/4/2022,42985, $89.46 
C-685493,Hydrogen Peroxide,P-17889,12/30/2023,12662, $57.89 
C-685863,Isopropyl Alcohol,P-15586,4/26/2022,18294, $154.74 
C-685736,Sodium Hypochlorite,P-14445,3/25/2022,38638, $45.00 
C-685764,Sodium Hydroxide,P-12810,5/12/2024,40268, $76.86 
C-685803,Isopropyl Alcohol,P-15586,5/12/2024,29225, $154.74 
C-685727,Hydrogen Peroxide,P-17889,12/13/2022,51013, $57.89 
C-685634,Sodium Hypochlorite,P-14445,6/11/2022,62686, $45.00 
C-685512,Sodium Hydroxide,P-12810,5/17/2024,42363, $76.86 
C-685585,Hydrochloric Acid,P-13770,5/7/2024,31069, $165.00 
C-685533,Isopropyl Alcohol,P-15586,12/27/2023,38218, $154.74 
C-685206,Sodium Hydroxide,P-12810,7/22/2023,64692, $76.86 
C-685498,Glycol Ethers,P-16484,11/25/2022,15526, $89.46 
C-685593,Isopropyl Alcohol,P-15586,3/5/2024,65755, $154.74 
C-685496,Sodium Hypochlorite,P-14445,12/6/2023,49714, $45.00 
C-685159,Hydrochloric Acid,P-13770,5/31/2023,62259, $165.00 
C-685457,Hydrogen Peroxide,P-17889,10/8/2023,5670, $57.89 
C-685083,Isopropyl Alcohol,P-15586,3/11/2022,38477, $154.74 
C-109827,Sodium Hydroxide,P-12810,11/23/2023,7436, $76.86 
C-685516,Glycol Ethers,P-16484,9/13/2023,49820, $89.46 
C-685918,Glycol Ethers,P-16484,2/15/2022,43431, $89.46 
C-684998,Sodium Hypochlorite,P-14445,3/3/2024,6754, $45.00 
C-685353,Isopropyl Alcohol,P-15586,9/21/2023,41194, $154.74 
C-685804,Glycol Ethers,P-16484,4/25/2022,37073, $89.46 
C-685920,Sodium Hydroxide,P-12810,5/14/2024,6353, $76.86 
C-685879,Hydrochloric Acid,P-13770,11/1/2022,65478, $165.00 
C-684999,Isopropyl Alcohol,P-15586,3/21/2023,10726, $154.74 
C-685931,Hydrogen Peroxide,P-17889,2/5/2023,37104, $57.89 
C-685152,Sodium Hydroxide,P-12810,4/21/2024,52840, $76.86 
C-685111,Hydrochloric Acid,P-13770,4/9/2022,48286, $165.00 
C-685088,Sodium Hypochlorite,P-14445,3/4/2022,63723, $45.00 
C-685895,Hydrogen Peroxide,P-17889,5/17/2024,44785, $57.89 
C-685541,Hydrogen Peroxide,P-17889,1/9/2024,3778, $57.89 
C-685057,Hydrochloric Acid,P-13770,5/13/2024,49248, $165.00 
C-685785,Isopropyl Alcohol,P-15586,3/6/2024,22633, $154.74 
C-685403,Hydrogen Peroxide,P-17889,3/2/2024,69053, $57.89 
C-685799,Hydrogen Peroxide,P-17889,6/9/2023,25858, $57.89 
C-685404,Sodium Hydroxide,P-12810,8/16/2023,34654, $76.86 
C-685691,Hydrogen Peroxide,P-17889,5/10/2023,30962, $57.89 
C-685091,Hydrogen Peroxide,P-17889,3/13/2024,971, $57.89 
C-685545,Isopropyl Alcohol,P-15586,9/27/2023,32531, $154.74 
C-685074,Sodium Hydroxide,P-12810,5/27/2022,4686, $76.86 
C-685618,Glycol Ethers,P-16484,3/9/2022,69593, $89.46 
C-685910,Sodium Hypochlorite,P-14445,5/10/2024,65813, $45.00 
C-685619,Hydrogen Peroxide,P-17889,1/22/2023,29782, $57.89 
C-685151,Hydrogen Peroxide,P-17889,6/18/2024,9596, $57.89 
C-685827,Isopropyl Alcohol,P-15586,3/5/2023,65627, $154.74 
C-685388,Sodium Hypochlorite,P-14445,2/23/2024,23607, $45.00 
C-685668,Sodium Hydroxide,P-12810,7/2/2023,45750, $76.86 
C-685032,Sodium Hydroxide,P-12810,6/2/2022,16442, $76.86 
C-685801,Hydrochloric Acid,P-13770,12/27/2022,767, $165.00 
C-685721,Hydrogen Peroxide,P-17889,5/18/2024,6350, $57.89 
C-685868,Sodium Hypochlorite,P-14445,6/24/2023,4083, $45.00 
C-684988,Glycol Ethers,P-16484,1/2/2022,7517, $89.46 
C-685424,Sodium Hypochlorite,P-14445,4/30/2022,52664, $45.00 
C-685525,Hydrochloric Acid,P-13770,5/14/2022,57313, $165.00 
C-685805,Hydrogen Peroxide,P-17889,12/28/2022,68860, $57.89 
C-684980,Sodium Hypochlorite,P-14445,1/23/2023,17480, $45.00 
C-685884,Sodium Hydroxide,P-12810,4/16/2024,69436, $76.86 
C-685470,Sodium Hydroxide,P-12810,12/28/2023,1759, $76.86 
C-685128,Sodium Hydroxide,P-12810,7/4/2023,37037, $76.86 
C-685841,Hydrogen Peroxide,P-17889,3/4/2024,28895, $57.89 
C-685410,Sodium Hydroxide,P-12810,9/26/2022,7950, $76.86 
C-684990,Sodium Hydroxide,P-12810,7/20/2022,12434, $76.86 
C-685944,Sodium Hydroxide,P-12810,4/27/2023,65901, $76.86 
C-685873,Hydrochloric Acid,P-13770,10/19/2022,64500, $165.00 
C-685153,Hydrochloric Acid,P-13770,5/6/2022,44863, $165.00 
C-685154,Sodium Hypochlorite,P-14445,12/29/2023,22487, $45.00 
C-685772,Sodium Hypochlorite,P-14445,4/3/2023,9877, $45.00 
C-685400,Sodium Hypochlorite,P-14445,5/21/2023,28811, $45.00 
C-685187,Hydrogen Peroxide,P-17889,12/18/2022,868, $57.89 
C-685184,Sodium Hypochlorite,P-14445,9/29/2023,4960, $45.00 
C-685467,Isopropyl Alcohol,P-15586,5/20/2024,53602, $154.74 
C-685273,Hydrochloric Acid,P-13770,9/21/2022,27092, $165.00 
C-685790,Sodium Hypochlorite,P-14445,11/7/2023,66947, $45.00 
C-685309,Hydrochloric Acid,P-13770,5/16/2024,7576, $165.00 
C-685082,Sodium Hypochlorite,P-14445,1/13/2023,68413, $45.00 
C-685419,Isopropyl Alcohol,P-15586,2/14/2022,26032, $154.74 
C-685004,Sodium Hypochlorite,P-14445,6/5/2024,65387, $45.00 
C-685758,Sodium Hydroxide,P-12810,5/2/2024,65600, $76.86 
C-685928,Sodium Hypochlorite,P-14445,9/23/2022,57619, $45.00 
C-685191,Isopropyl Alcohol,P-15586,2/10/2024,22050, $154.74 
C-685439,Hydrogen Peroxide,P-17889,5/18/2023,46443, $57.89 
C-685387,Hydrochloric Acid,P-13770,3/8/2022,59339, $165.00 
C-685324,Glycol Ethers,P-16484,1/24/2023,69863, $89.46 
C-685396,Glycol Ethers,P-16484,6/8/2023,52157, $89.46 
C-685523,Hydrogen Peroxide,P-17889,11/3/2023,20804, $57.89 
C-685231,Hydrochloric Acid,P-13770,8/14/2023,13440, $165.00 
C-685183,Hydrochloric Acid,P-13770,8/7/2023,56860, $165.00 
C-685275,Isopropyl Alcohol,P-15586,2/14/2024,6303, $154.74 
C-685850,Sodium Hypochlorite,P-14445,12/11/2023,19467, $45.00 
C-685379,Hydrogen Peroxide,P-17889,3/28/2024,62361, $57.89 
C-685943,Hydrogen Peroxide,P-17889,7/9/2023,28706, $57.89 
C-685007,Hydrogen Peroxide,P-17889,3/20/2024,55604, $57.89 
C-685318,Glycol Ethers,P-16484,7/16/2023,62932, $89.46 
C-685327,Hydrochloric Acid,P-13770,7/25/2022,19163, $165.00 
C-685366,Glycol Ethers,P-16484,2/27/2024,64062, $89.46 
C-685853,Hydrogen Peroxide,P-17889,2/20/2022,43865, $57.89 
C-685889,Hydrogen Peroxide,P-17889,9/18/2023,12687, $57.89 
C-685513,Hydrochloric Acid,P-13770,2/6/2024,62628, $165.00 
C-685654,Glycol Ethers,P-16484,2/13/2024,18081, $89.46 
C-685156,Glycol Ethers,P-16484,5/8/2022,59655, $89.46 
C-685795,Hydrochloric Acid,P-13770,8/2/2022,51204, $165.00 
C-685564,Glycol Ethers,P-16484,5/23/2022,23441, $89.46 
C-685695,Isopropyl Alcohol,P-15586,3/10/2024,12062, $154.74 
C-685428,Sodium Hydroxide,P-12810,11/6/2022,33789, $76.86 
C-685078,Glycol Ethers,P-16484,2/23/2023,839, $89.46 
C-685866,Sodium Hydroxide,P-12810,4/11/2024,54564, $76.86 
C-685867,Hydrochloric Acid,P-13770,7/21/2022,2366, $165.00 
C-685490,Sodium Hypochlorite,P-14445,9/23/2023,34572, $45.00 
C-685130,Sodium Hypochlorite,P-14445,12/2/2022,22491, $45.00 
C-684972,Sodium Hydroxide,P-12810,1/6/2022,41801, $76.86 
C-685055,Hydrogen Peroxide,P-17889,1/8/2022,40007, $57.89 
C-685629,Isopropyl Alcohol,P-15586,3/10/2022,33962, $154.74 
C-685617,Isopropyl Alcohol,P-15586,11/10/2023,45422, $154.74 
C-685245,Isopropyl Alcohol,P-15586,8/7/2022,19205, $154.74 
C-685870,Glycol Ethers,P-16484,9/26/2023,44379, $89.46 
C-685657,Hydrochloric Acid,P-13770,4/14/2023,36768, $165.00 
C-685792,Glycol Ethers,P-16484,1/27/2024,66113, $89.46 
C-685122,Sodium Hydroxide,P-12810,4/6/2023,21574, $76.86 
C-685942,Glycol Ethers,P-16484,4/19/2024,40979, $89.46 
C-685865,Hydrogen Peroxide,P-17889,11/17/2023,51376, $57.89 
C-685213,Hydrochloric Acid,P-13770,2/27/2022,24800, $165.00 
C-685951,Hydrochloric Acid,P-13770,7/23/2023,42453, $165.00 
C-685688,Sodium Hypochlorite,P-14445,2/19/2024,9034, $45.00 
C-685307,Hydrogen Peroxide,P-17889,5/31/2022,2198, $57.89 
C-685487,Hydrogen Peroxide,P-17889,1/30/2022,62793, $57.89 
C-685216,Glycol Ethers,P-16484,2/4/2022,60417, $89.46 
C-685591,Hydrochloric Acid,P-13770,10/25/2022,9569, $165.00 
C-685339,Hydrochloric Acid,P-13770,3/1/2023,51219, $165.00 
C-684960,Sodium Hydroxide,P-12810,4/20/2024,57794, $76.86 
C-685770,Sodium Hydroxide,P-12810,6/3/2022,48139, $76.86 
C-685363,Hydrochloric Acid,P-13770,1/21/2024,15619, $165.00 
C-685101,Isopropyl Alcohol,P-15586,6/24/2022,36454, $154.74 
C-684986,Sodium Hypochlorite,P-14445,6/13/2022,35509, $45.00 
C-685860,Sodium Hydroxide,P-12810,9/25/2022,59257, $76.86 
C-685209,Isopropyl Alcohol,P-15586,7/23/2022,55400, $154.74 
C-685811,Hydrogen Peroxide,P-17889,5/4/2023,58180, $57.89 
C-685269,Isopropyl Alcohol,P-15586,5/30/2024,44349, $154.74 
C-685855,Hydrochloric Acid,P-13770,2/3/2022,17802, $165.00 
C-685703,Hydrogen Peroxide,P-17889,6/20/2023,26294, $57.89 
C-685923,Isopropyl Alcohol,P-15586,9/11/2022,10855, $154.74 
C-684987,Isopropyl Alcohol,P-15586,3/18/2024,60084, $154.74 
C-685708,Glycol Ethers,P-16484,4/18/2023,37954, $89.46 
C-685100,Sodium Hypochlorite,P-14445,3/14/2022,68572, $45.00 
C-685355,Hydrogen Peroxide,P-17889,10/12/2023,34985, $57.89 
C-685261,Hydrochloric Acid,P-13770,3/14/2023,68247, $165.00 
C-685530,Sodium Hydroxide,P-12810,11/21/2023,54563, $76.86 
C-685407,Isopropyl Alcohol,P-15586,6/3/2023,44020, $154.74 
C-685072,Glycol Ethers,P-16484,10/22/2022,19821, $89.46 
C-685389,Isopropyl Alcohol,P-15586,7/24/2023,29890, $154.74 
C-685568,Sodium Hypochlorite,P-14445,10/30/2023,20204, $45.00 
C-685476,Sodium Hydroxide,P-12810,3/18/2023,32517, $76.86 
C-685577,Hydrogen Peroxide,P-17889,5/11/2024,28894, $57.89 
C-685013,Hydrogen Peroxide,P-17889,8/9/2023,54499, $57.89 
C-685832,Sodium Hypochlorite,P-14445,12/10/2023,42761, $45.00 
C-685158,Sodium Hydroxide,P-12810,4/7/2024,12087, $76.86 
C-685707,Isopropyl Alcohol,P-15586,5/13/2024,17088, $154.74 
C-685221,Isopropyl Alcohol,P-15586,8/12/2022,15492, $154.74 
C-685789,Hydrochloric Acid,P-13770,11/12/2022,40422, $165.00 
C-685813,Hydrochloric Acid,P-13770,12/20/2022,54547, $165.00 
C-685481,Hydrogen Peroxide,P-17889,4/11/2023,16123, $57.89 
C-685432,Glycol Ethers,P-16484,3/17/2024,16934, $89.46 
C-685615,Hydrochloric Acid,P-13770,4/9/2023,36738, $165.00 
C-685121,Hydrogen Peroxide,P-17889,3/17/2024,54184, $57.89 
C-685193,Hydrogen Peroxide,P-17889,4/3/2024,64899, $57.89 
C-685140,Sodium Hydroxide,P-12810,3/27/2024,57588, $76.86 
C-685210,Glycol Ethers,P-16484,2/9/2024,11048, $89.46 
C-685026,Sodium Hydroxide,P-12810,9/17/2022,53245, $76.86 
C-685373,Hydrogen Peroxide,P-17889,5/27/2023,9596, $57.89 
C-685622,Sodium Hypochlorite,P-14445,1/1/2024,11430, $45.00 
C-685443,Isopropyl Alcohol,P-15586,12/19/2022,44089, $154.74 
C-685826,Sodium Hypochlorite,P-14445,5/23/2024,35210, $45.00 
C-685520,Sodium Hypochlorite,P-14445,7/10/2022,53178, $45.00 
C-685207,Hydrochloric Acid,P-13770,6/22/2022,49960, $165.00 
C-685189,Hydrochloric Acid,P-13770,7/4/2022,54018, $165.00 
C-685749,Isopropyl Alcohol,P-15586,3/2/2022,24486, $154.74 
C-685555,Hydrochloric Acid,P-13770,11/9/2023,1194, $165.00 
C-685925,Hydrogen Peroxide,P-17889,3/7/2024,51872, $57.89 
C-685626,Sodium Hydroxide,P-12810,5/30/2022,44408, $76.86 
C-685049,Hydrogen Peroxide,P-17889,1/25/2024,39902, $57.89 
C-685672,Glycol Ethers,P-16484,12/15/2023,7243, $89.46 
C-685077,Isopropyl Alcohol,P-15586,2/4/2023,24889, $154.74 
C-685575,Isopropyl Alcohol,P-15586,3/26/2024,38595, $154.74 
C-685737,Isopropyl Alcohol,P-15586,2/8/2022,283, $154.74 
C-684991,Hydrochloric Acid,P-13770,3/30/2023,40810, $165.00 
C-685447,Hydrochloric Acid,P-13770,5/11/2023,48313, $165.00 
C-685794,Sodium Hydroxide,P-12810,1/31/2024,47078, $76.86 
C-685583,Hydrogen Peroxide,P-17889,4/28/2024,32909, $57.89 
C-685118,Sodium Hypochlorite,P-14445,1/14/2022,65447, $45.00 
C-685436,Sodium Hypochlorite,P-14445,8/20/2023,66201, $45.00 
C-685199,Hydrogen Peroxide,P-17889,10/8/2022,6094, $57.89 
C-685010,Sodium Hypochlorite,P-14445,4/8/2024,23302, $45.00 
C-685291,Hydrochloric Acid,P-13770,3/30/2024,5326, $165.00 
C-685674,Sodium Hydroxide,P-12810,2/1/2023,37627, $76.86 
C-685945,Hydrochloric Acid,P-13770,1/13/2024,38529, $165.00 
C-685750,Glycol Ethers,P-16484,9/20/2023,5677, $89.46 
C-685093,Hydrochloric Acid,P-13770,1/16/2022,62470, $165.00 
C-685797,Isopropyl Alcohol,P-15586,5/1/2024,41629, $154.74 
C-685422,Sodium Hydroxide,P-12810,1/30/2024,56541, $76.86 
C-685689,Isopropyl Alcohol,P-15586,5/13/2022,59563, $154.74 
C-685757,Hydrogen Peroxide,P-17889,5/5/2022,795, $57.89 
C-684984,Sodium Hydroxide,P-12810,1/20/2024,34448, $76.86 
C-685048,Glycol Ethers,P-16484,2/6/2023,12869, $89.46 
C-685056,Sodium Hydroxide,P-12810,3/12/2022,6883, $76.86 
C-685374,Sodium Hydroxide,P-12810,9/12/2022,33124, $76.86 
C-685640,Sodium Hypochlorite,P-14445,3/31/2022,34046, $45.00 
C-685554,Sodium Hydroxide,P-12810,7/1/2023,60186, $76.86 
C-685901,Hydrogen Peroxide,P-17889,7/15/2022,50846, $57.89 
C-685667,Hydrogen Peroxide,P-17889,5/21/2024,7334, $57.89 
C-685704,Sodium Hydroxide,P-12810,5/6/2024,52192, $76.86 
C-685917,Isopropyl Alcohol,P-15586,4/21/2023,19329, $154.74 
C-685882,Glycol Ethers,P-16484,11/10/2022,46491, $89.46 
C-685364,Sodium Hypochlorite,P-14445,2/1/2024,34402, $45.00 
C-685679,Hydrogen Peroxide,P-17889,7/8/2022,67072, $57.89 
C-685398,Sodium Hydroxide,P-12810,6/23/2024,66648, $76.86 
C-685165,Hydrochloric Acid,P-13770,7/17/2022,29530, $165.00 
C-685039,Hydrochloric Acid,P-13770,9/18/2022,12624, $165.00 
C-685557,Isopropyl Alcohol,P-15586,7/11/2023,12685, $154.74 
C-685586,Sodium Hypochlorite,P-14445,2/13/2022,28511, $45.00 
C-685694,Sodium Hypochlorite,P-14445,5/10/2024,36189, $45.00 
C-685448,Sodium Hypochlorite,P-14445,4/7/2023,2146, $45.00 
C-685442,Sodium Hypochlorite,P-14445,4/6/2024,49818, $45.00 
C-685935,Isopropyl Alcohol,P-15586,6/10/2024,23028, $154.74 
C-685076,Sodium Hypochlorite,P-14445,12/14/2023,22693, $45.00 
C-685752,Sodium Hydroxide,P-12810,10/4/2023,66018, $76.86 
C-685588,Glycol Ethers,P-16484,3/13/2023,23310, $89.46 
C-685600,Glycol Ethers,P-16484,9/2/2023,66998, $89.46 
C-685137,Isopropyl Alcohol,P-15586,8/13/2023,55397, $154.74 
C-685605,Isopropyl Alcohol,P-15586,5/31/2024,69451, $154.74 
C-685732,Glycol Ethers,P-16484,6/7/2023,55885, $89.46 
C-685349,Hydrogen Peroxide,P-17889,5/15/2023,9373, $57.89 
C-685684,Glycol Ethers,P-16484,10/20/2022,69965, $89.46 
C-685754,Sodium Hypochlorite,P-14445,1/3/2023,31699, $45.00 
C-685262,Sodium Hypochlorite,P-14445,4/12/2024,36041, $45.00 
C-685748,Sodium Hypochlorite,P-14445,5/4/2024,66714, $45.00 
C-685382,Sodium Hypochlorite,P-14445,5/26/2022,13363, $45.00 
C-685856,Sodium Hypochlorite,P-14445,10/3/2023,39567, $45.00 
C-685821,Isopropyl Alcohol,P-15586,9/3/2022,40126, $154.74 
C-685522,Glycol Ethers,P-16484,3/16/2022,3252, $89.46 
C-685360,Glycol Ethers,P-16484,8/19/2022,13468, $89.46 
C-685485,Isopropyl Alcohol,P-15586,9/8/2022,1945, $154.74 
C-685417,Hydrochloric Acid,P-13770,1/20/2023,25888, $165.00 
C-685203,Isopropyl Alcohol,P-15586,5/4/2022,8388, $154.74 
C-685300,Glycol Ethers,P-16484,7/16/2022,26189, $89.46 
C-685529,Hydrogen Peroxide,P-17889,7/6/2022,22500, $57.89 
C-685730,Sodium Hypochlorite,P-14445,6/14/2024,10752, $45.00 
C-685473,Isopropyl Alcohol,P-15586,6/4/2024,4500, $154.74 
C-685296,Sodium Hydroxide,P-12810,9/17/2023,44173, $76.86 
C-685052,Sodium Hypochlorite,P-14445,5/25/2024,19400, $45.00 
C-685160,Sodium Hypochlorite,P-14445,11/19/2023,31692, $45.00 
C-685452,Sodium Hydroxide,P-12810,4/23/2022,49205, $76.86 
C-685285,Hydrochloric Acid,P-13770,12/25/2023,39935, $165.00 
C-685163,Hydrogen Peroxide,P-17889,4/9/2024,2969, $57.89 
C-684973,Hydrochloric Acid,P-13770,11/17/2022,15019, $165.00 
C-685824,Sodium Hydroxide,P-12810,4/1/2024,6585, $76.86 
C-685831,Hydrochloric Acid,P-13770,7/22/2022,26006, $165.00 
C-685411,Hydrochloric Acid,P-13770,3/11/2023,64115, $165.00 
C-685880,Sodium Hypochlorite,P-14445,8/20/2022,22387, $45.00 
C-685892,Sodium Hypochlorite,P-14445,9/6/2023,67595, $45.00 
C-685524,Sodium Hydroxide,P-12810,7/26/2022,28452, $76.86 
C-685646,Sodium Hypochlorite,P-14445,1/4/2024,55277, $45.00 
C-685194,Sodium Hydroxide,P-12810,5/3/2022,12031, $76.86 
C-685431,Isopropyl Alcohol,P-15586,4/17/2023,36977, $154.74 
C-685097,Hydrogen Peroxide,P-17889,2/2/2022,1549, $57.89 
C-685444,Glycol Ethers,P-16484,5/3/2024,25334, $89.46 
C-685393,Hydrochloric Acid,P-13770,4/24/2024,25430, $165.00 
C-685820,Sodium Hypochlorite,P-14445,6/28/2023,69824, $45.00 
C-685781,Hydrogen Peroxide,P-17889,2/29/2024,41105, $57.89 
C-685146,Sodium Hydroxide,P-12810,1/19/2023,9993, $76.86 
C-685113,Isopropyl Alcohol,P-15586,5/24/2022,20787, $154.74 
C-685022,Sodium Hypochlorite,P-14445,1/12/2024,24262, $45.00 
C-684967,Hydrochloric Acid,P-13770,4/12/2024,49612, $165.00 
C-685468,Glycol Ethers,P-16484,9/1/2023,64780, $89.46 
C-685916,Sodium Hypochlorite,P-14445,9/1/2022,56240, $45.00 
C-685445,Hydrogen Peroxide,P-17889,8/14/2022,6459, $57.89 
C-685217,Hydrogen Peroxide,P-17889,10/12/2022,52166, $57.89 
C-685643,Hydrogen Peroxide,P-17889,3/20/2022,14653, $57.89 
C-685548,Sodium Hydroxide,P-12810,6/19/2024,32500, $76.86 
C-685319,Hydrogen Peroxide,P-17889,6/26/2023,21708, $57.89 
C-685466,Sodium Hypochlorite,P-14445,8/30/2023,42421, $45.00 
C-685537,Hydrochloric Acid,P-13770,9/19/2023,34917, $165.00 
C-685229,Hydrogen Peroxide,P-17889,1/13/2022,27855, $57.89 
C-685909,Hydrochloric Acid,P-13770,12/31/2022,55397, $165.00 
C-685816,Glycol Ethers,P-16484,6/19/2022,49937, $89.46 
C-685739,Hydrogen Peroxide,P-17889,9/3/2023,24747, $57.89 
C-685919,Hydrogen Peroxide,P-17889,9/6/2022,37404, $57.89 
C-685469,Hydrogen Peroxide,P-17889,7/3/2022,3556, $57.89 
C-685536,Sodium Hydroxide,P-12810,10/31/2022,26538, $76.86 
C-685386,Sodium Hydroxide,P-12810,3/21/2024,25032, $76.86 
C-685507,Hydrochloric Acid,P-13770,8/19/2023,58132, $165.00 
C-685250,Sodium Hypochlorite,P-14445,10/24/2022,24072, $45.00 
C-685127,Hydrogen Peroxide,P-17889,6/9/2024,34384, $57.89 
C-685776,Sodium Hydroxide,P-12810,8/5/2022,45810, $76.86 
C-685399,Hydrochloric Acid,P-13770,3/14/2024,69227, $165.00 
C-685885,Hydrochloric Acid,P-13770,10/18/2023,870, $165.00 
C-685580,Sodium Hypochlorite,P-14445,10/17/2023,47593, $45.00 
C-685475,Hydrogen Peroxide,P-17889,2/7/2024,11648, $57.89 
C-685354,Glycol Ethers,P-16484,1/5/2024,59130, $89.46 
C-685325,Hydrogen Peroxide,P-17889,6/13/2023,32029, $57.89 
C-685725,Isopropyl Alcohol,P-15586,3/2/2024,3353, $154.74 
C-685497,Isopropyl Alcohol,P-15586,2/11/2022,60230, $154.74 
C-685913,Hydrogen Peroxide,P-17889,11/19/2022,33633, $57.89 
C-685037,Hydrogen Peroxide,P-17889,1/22/2022,68388, $57.89 
C-685150,Glycol Ethers,P-16484,4/13/2023,20579, $89.46 
C-685086,Sodium Hydroxide,P-12810,2/25/2024,11466, $76.86 
C-684968,Sodium Hypochlorite,P-14445,12/22/2022,39267, $45.00 
C-685023,Isopropyl Alcohol,P-15586,8/24/2022,39871, $154.74 
C-685641,Isopropyl Alcohol,P-15586,7/24/2022,1646, $154.74 
C-684962,Sodium Hypochlorite,P-14445,12/19/2023,35053, $45.00 
C-685317,Isopropyl Alcohol,P-15586,3/25/2024,15263, $154.74 
C-685277,Hydrogen Peroxide,P-17889,1/12/2023,3974, $57.89 
C-685416,Sodium Hydroxide,P-12810,4/2/2024,64075, $76.86 
C-685756,Glycol Ethers,P-16484,3/1/2022,27151, $89.46 
C-684995,Hydrogen Peroxide,P-17889,5/2/2023,6604, $57.89 
C-685236,Sodium Hydroxide,P-12810,6/11/2024,58040, $76.86 
C-685238,Sodium Hypochlorite,P-14445,3/12/2024,11561, $45.00 
C-685257,Isopropyl Alcohol,P-15586,3/22/2022,25194, $154.74 
C-685859,Hydrogen Peroxide,P-17889,4/4/2024,15015, $57.89 
C-685434,Sodium Hydroxide,P-12810,3/23/2024,33295, $76.86 
C-685755,Isopropyl Alcohol,P-15586,5/10/2022,19222, $154.74 
C-685278,Sodium Hydroxide,P-12810,4/24/2023,51082, $76.86 
C-685270,Glycol Ethers,P-16484,7/21/2023,40904, $89.46 
C-685176,Sodium Hydroxide,P-12810,3/6/2022,26037, $76.86 
C-685549,Hydrochloric Acid,P-13770,8/4/2023,27507, $165.00 
C-685808,Sodium Hypochlorite,P-14445,1/15/2022,37215, $45.00 
C-685874,Sodium Hypochlorite,P-14445,11/20/2022,31954, $45.00 
C-685040,Sodium Hypochlorite,P-14445,2/21/2022,65238, $45.00 
C-685036,Glycol Ethers,P-16484,12/30/2022,63926, $89.46 
C-684983,Hydrogen Peroxide,P-17889,6/16/2024,64858, $57.89 
C-685741,Hydrochloric Acid,P-13770,9/11/2023,22821, $165.00 
C-685235,Hydrogen Peroxide,P-17889,2/24/2024,60542, $57.89 
C-685492,Glycol Ethers,P-16484,3/31/2024,48853, $89.46 
C-685019,Hydrogen Peroxide,P-17889,3/2/2023,69481, $57.89 
C-685607,Hydrogen Peroxide,P-17889,8/27/2022,13298, $57.89 
C-685044,Sodium Hydroxide,P-12810,3/23/2022,897, $76.86 
C-685280,Sodium Hypochlorite,P-14445,1/17/2024,53902, $45.00 
C-685075,Hydrochloric Acid,P-13770,3/5/2022,14815, $165.00 
C-685316,Sodium Hypochlorite,P-14445,2/20/2024,40539, $45.00 
C-685080,Sodium Hydroxide,P-12810,1/3/2022,9741, $76.86 
C-685197,Isopropyl Alcohol,P-15586,2/10/2023,16514, $154.74 
C-685477,Hydrochloric Acid,P-13770,9/4/2023,60044, $165.00 
C-684971,Hydrogen Peroxide,P-17889,4/14/2022,57593, $57.89 
C-685897,Hydrochloric Acid,P-13770,5/20/2022,24520, $165.00 
C-685281,Isopropyl Alcohol,P-15586,7/28/2022,21810, $154.74 
C-685162,Glycol Ethers,P-16484,5/26/2024,10425, $89.46 
C-685479,Isopropyl Alcohol,P-15586,3/24/2022,7279, $154.74 
C-685798,Glycol Ethers,P-16484,6/15/2024,64097, $89.46 
C-685070,Sodium Hypochlorite,P-14445,6/25/2024,59105, $45.00 
C-685705,Hydrochloric Acid,P-13770,4/8/2024,46133, $165.00 
C-685852,Glycol Ethers,P-16484,12/10/2022,2906, $89.46 
C-685690,Glycol Ethers,P-16484,11/24/2022,46375, $89.46 
C-685876,Glycol Ethers,P-16484,7/3/2023,23500, $89.46 
C-685846,Glycol Ethers,P-16484,5/9/2024,30816, $89.46 
C-685167,Isopropyl Alcohol,P-15586,2/28/2024,62362, $154.74 
C-685871,Hydrogen Peroxide,P-17889,5/2/2022,48626, $57.89 
C-685914,Sodium Hydroxide,P-12810,1/4/2022,23241, $76.86 
C-685899,Isopropyl Alcohol,P-15586,12/17/2022,7660, $154.74 
C-685915,Hydrochloric Acid,P-13770,5/29/2024,15944, $165.00 
C-685833,Isopropyl Alcohol,P-15586,5/16/2022,34878, $154.74 
C-685063,Hydrochloric Acid,P-13770,1/23/2024,22109, $165.00 
C-685734,Sodium Hydroxide,P-12810,4/23/2023,52857, $76.86 
C-685681,Hydrochloric Acid,P-13770,4/28/2024,6727, $165.00 
C-685449,Isopropyl Alcohol,P-15586,12/1/2022,29179, $154.74 
C-685559,Hydrogen Peroxide,P-17889,4/28/2023,15552, $57.89 
C-685011,Isopropyl Alcohol,P-15586,2/12/2022,19391, $154.74 
C-685738,Glycol Ethers,P-16484,4/30/2023,59191, $89.46 
C-685204,Glycol Ethers,P-16484,1/25/2023,46140, $89.46 
C-685343,Hydrogen Peroxide,P-17889,1/28/2023,42157, $57.89 
C-685288,Glycol Ethers,P-16484,4/5/2023,59839, $89.46 
C-685669,Hydrochloric Acid,P-13770,7/5/2023,24666, $165.00 
C-685503,Isopropyl Alcohol,P-15586,11/13/2022,23048, $154.74 
C-685494,Sodium Hydroxide,P-12810,3/11/2024,6293, $76.86 
C-685145,Hydrogen Peroxide,P-17889,1/26/2022,69006, $57.89 
C-685729,Hydrochloric Acid,P-13770,10/11/2022,64061, $165.00 
C-685148,Sodium Hypochlorite,P-14445,3/3/2023,61939, $45.00 
C-685320,Sodium Hydroxide,P-12810,10/26/2022,33524, $76.86 
C-685002,Sodium Hydroxide,P-12810,2/8/2023,64067, $76.86 
C-685560,Sodium Hydroxide,P-12810,4/14/2024,2518, $76.86 
C-685949,Hydrogen Peroxide,P-17889,1/11/2022,19388, $57.89 
C-685446,Sodium Hydroxide,P-12810,7/17/2023,38530, $76.86 
C-685531,Hydrochloric Acid,P-13770,8/29/2023,69444, $165.00 
C-685515,Isopropyl Alcohol,P-15586,5/20/2024,12864, $154.74 
C-685064,Sodium Hypochlorite,P-14445,4/12/2022,5454, $45.00 
C-685230,Sodium Hydroxide,P-12810,12/1/2023,49050, $76.86 
C-685283,Hydrogen Peroxide,P-17889,3/28/2023,9603, $57.89 
C-684977,Hydrogen Peroxide,P-17889,9/9/2022,2821, $57.89 
C-685084,Glycol Ethers,P-16484,3/20/2023,54558, $89.46 
C-685435,Hydrochloric Acid,P-13770,4/17/2024,8152, $165.00 
C-685115,Hydrogen Peroxide,P-17889,3/15/2022,35807, $57.89 
C-685015,Hydrochloric Acid,P-13770,4/30/2024,65276, $165.00 
C-685338,Sodium Hydroxide,P-12810,12/13/2023,14216, $76.86 
C-684975,Isopropyl Alcohol,P-15586,2/21/2024,32077, $154.74 
C-685648,Glycol Ethers,P-16484,7/5/2022,52276, $89.46 
C-685488,Sodium Hydroxide,P-12810,4/27/2024,2994, $76.86 
C-685219,Hydrochloric Acid,P-13770,2/28/2022,16789, $165.00 
C-685582,Glycol Ethers,P-16484,3/17/2023,13797, $89.46 
C-685359,Isopropyl Alcohol,P-15586,8/11/2022,48651, $154.74 
C-685472,Sodium Hypochlorite,P-14445,1/1/2023,44120, $45.00 
C-685651,Hydrochloric Acid,P-13770,1/2/2023,66544, $165.00 
C-685746,Sodium Hydroxide,P-12810,11/28/2023,41127, $76.86 
C-685222,Glycol Ethers,P-16484,4/3/2024,9144, $89.46 
C-685035,Isopropyl Alcohol,P-15586,10/11/2023,47511, $154.74 
C-684970,Glycol Ethers,P-16484,4/6/2022,23722, $89.46 
C-685413,Isopropyl Alcohol,P-15586,6/5/2022,44626, $154.74 
C-685660,Glycol Ethers,P-16484,5/21/2024,36059, $89.46 
C-685625,Hydrogen Peroxide,P-17889,9/29/2022,56000, $57.89 
C-685698,Sodium Hydroxide,P-12810,2/3/2024,11508, $76.86 
C-685511,Hydrogen Peroxide,P-17889,6/16/2022,18046, $57.89 
C-685368,Sodium Hydroxide,P-12810,4/1/2024,44785, $76.86 
C-684974,Sodium Hypochlorite,P-14445,3/8/2024,62165, $45.00 
C-685348,Glycol Ethers,P-16484,5/7/2023,64018, $89.46 
C-684966,Sodium Hydroxide,P-12810,11/29/2022,2724, $76.86 
C-685202,Sodium Hypochlorite,P-14445,5/28/2024,49905, $45.00 
C-685926,Sodium Hydroxide,P-12810,9/15/2023,45915, $76.86 
C-685395,Isopropyl Alcohol,P-15586,10/16/2022,16274, $154.74 
C-685169,Hydrogen Peroxide,P-17889,4/7/2022,15388, $57.89 
C-685108,Glycol Ethers,P-16484,1/6/2024,66897, $89.46 
C-685521,Isopropyl Alcohol,P-15586,5/1/2024,29995, $154.74 
C-685438,Glycol Ethers,P-16484,6/26/2024,4831, $89.46 
C-685907,Hydrogen Peroxide,P-17889,6/27/2024,1323, $57.89 
C-685391,Hydrogen Peroxide,P-17889,3/6/2024,69561, $57.89 
C-685282,Glycol Ethers,P-16484,9/25/2023,62245, $89.46 
C-685337,Hydrogen Peroxide,P-17889,6/15/2022,3329, $57.89 
C-685186,Glycol Ethers,P-16484,8/8/2023,27541, $89.46 
C-685765,Hydrochloric Acid,P-13770,11/16/2022,39847, $165.00 
C-685851,Isopropyl Alcohol,P-15586,5/18/2022,35361, $154.74 
C-685066,Glycol Ethers,P-16484,2/5/2024,32240, $89.46 
C-685693,Hydrochloric Acid,P-13770,2/5/2022,27316, $165.00 
C-685132,Glycol Ethers,P-16484,5/16/2024,54758, $89.46 
C-685356,Sodium Hydroxide,P-12810,5/5/2023,57814, $76.86 
C-685073,Hydrogen Peroxide,P-17889,3/25/2023,28351, $57.89 
C-684961,Hydrochloric Acid,P-13770,8/10/2023,65616, $165.00 
C-685501,Hydrochloric Acid,P-13770,6/17/2023,17349, $165.00 
C-685212,Sodium Hydroxide,P-12810,10/27/2022,40595, $76.86 
C-685441,Hydrochloric Acid,P-13770,7/11/2022,11696, $165.00 
C-685041,Isopropyl Alcohol,P-15586,9/24/2022,11564, $154.74 
C-685864,Glycol Ethers,P-16484,7/7/2022,54615, $89.46 
C-685861,Hydrochloric Acid,P-13770,9/22/2023,33057, $165.00 
C-685712,Sodium Hypochlorite,P-14445,8/31/2023,44869, $45.00 
C-685094,Sodium Hypochlorite,P-14445,1/7/2024,49065, $45.00 
C-685046,Sodium Hypochlorite,P-14445,7/7/2023,15883, $45.00 
C-685699,Hydrochloric Acid,P-13770,4/19/2023,34200, $165.00 
C-685005,Isopropyl Alcohol,P-15586,3/12/2023,7635, $154.74 
C-685519,Hydrochloric Acid,P-13770,3/27/2022,49902, $165.00 
C-685563,Isopropyl Alcohol,P-15586,6/14/2022,2196, $154.74 
C-685125,Isopropyl Alcohol,P-15586,5/9/2022,57406, $154.74 
C-685253,Hydrogen Peroxide,P-17889,4/14/2024,53083, $57.89 
C-685299,Isopropyl Alcohol,P-15586,11/7/2022,3969, $154.74 
C-685539,Isopropyl Alcohol,P-15586,6/1/2024,4000, $154.74 
C-685381,Hydrochloric Acid,P-13770,1/28/2024,24373, $165.00 
C-685243,Hydrochloric Acid,P-13770,9/28/2023,28048, $165.00 
C-685744,Glycol Ethers,P-16484,4/10/2024,44681, $89.46 
C-685134,Sodium Hydroxide,P-12810,1/30/2023,40217, $76.86 
C-685578,Sodium Hydroxide,P-12810,4/17/2022,45499, $76.86 
C-685014,Sodium Hydroxide,P-12810,7/14/2022,41279, $76.86 
C-685295,Hydrogen Peroxide,P-17889,3/29/2024,16443, $57.89 
C-685908,Sodium Hydroxide,P-12810,3/30/2024,9607, $76.86 
C-685834,Glycol Ethers,P-16484,3/7/2023,39040, $89.46 
C-685471,Hydrochloric Acid,P-13770,5/28/2022,15738, $165.00 
C-685556,Sodium Hypochlorite,P-14445,3/18/2022,18142, $45.00 
C-685185,Isopropyl Alcohol,P-15586,11/3/2022,6777, $154.74 
C-685453,Hydrochloric Acid,P-13770,10/14/2022,20763, $165.00 
C-685550,Sodium Hypochlorite,P-14445,6/19/2023,52058, $45.00 
C-685053,Isopropyl Alcohol,P-15586,4/16/2022,55412, $154.74 
C-685567,Hydrochloric Acid,P-13770,4/15/2024,54432, $165.00 
C-685823,Hydrogen Peroxide,P-17889,3/8/2024,52235, $57.89 
C-685171,Hydrochloric Acid,P-13770,4/20/2023,54716, $165.00 
C-685139,Hydrogen Peroxide,P-17889,6/25/2022,3961, $57.89 
C-685034,Sodium Hypochlorite,P-14445,7/28/2023,34813, $45.00 
C-685644,Sodium Hydroxide,P-12810,2/8/2024,33811, $76.86 
C-685898,Sodium Hypochlorite,P-14445,2/23/2022,36142, $45.00 
C-685136,Sodium Hypochlorite,P-14445,10/27/2023,53617, $45.00 
C-685265,Hydrogen Peroxide,P-17889,2/11/2023,31350, $57.89 
C-685335,Isopropyl Alcohol,P-15586,4/11/2022,10359, $154.74 
C-685105,Hydrochloric Acid,P-13770,7/13/2023,28799, $165.00 
C-685927,Hydrochloric Acid,P-13770,3/13/2022,16644, $165.00 
C-685929,Isopropyl Alcohol,P-15586,11/8/2023,29177, $154.74 
C-685116,Sodium Hydroxide,P-12810,4/21/2022,43164, $76.86 
C-685375,Hydrochloric Acid,P-13770,6/4/2023,27453, $165.00 
C-685423,Hydrochloric Acid,P-13770,11/27/2023,24518, $165.00 
C-685096,Glycol Ethers,P-16484,6/2/2023,15907, $89.46 
C-685837,Hydrochloric Acid,P-13770,1/17/2023,48463, $165.00 
C-685771,Hydrochloric Acid,P-13770,10/21/2023,27138, $165.00 
C-685321,Hydrochloric Acid,P-13770,6/20/2024,19786, $165.00 
C-685847,Hydrogen Peroxide,P-17889,3/20/2024,23865, $57.89 
C-685877,Hydrogen Peroxide,P-17889,1/21/2022,6207, $57.89 
C-685166,Sodium Hypochlorite,P-14445,9/15/2022,63469, $45.00 
C-685129,Hydrochloric Acid,P-13770,5/29/2023,7134, $165.00 
C-685451,Hydrogen Peroxide,P-17889,5/3/2024,11168, $57.89 
C-685215,Isopropyl Alcohol,P-15586,9/5/2023,4031, $154.74 
C-685255,Hydrochloric Acid,P-13770,3/11/2024,28386, $165.00 
C-685947,Isopropyl Alcohol,P-15586,1/10/2022,43045, $154.74 
C-685365,Isopropyl Alcohol,P-15586,5/23/2023,10459, $154.74 
C-685418,Sodium Hypochlorite,P-14445,2/25/2022,66096, $45.00 
C-685161,Isopropyl Alcohol,P-15586,8/24/2023,59835, $154.74 
C-685301,Hydrogen Peroxide,P-17889,4/2/2023,50565, $57.89 
C-685613,Hydrogen Peroxide,P-17889,2/22/2023,30755, $57.89 
C-685838,Sodium Hypochlorite,P-14445,8/3/2023,13267, $45.00 
C-685812,Sodium Hydroxide,P-12810,8/26/2023,27310, $76.86 
C-685603,Hydrochloric Acid,P-13770,12/3/2023,18987, $165.00 
C-685504,Glycol Ethers,P-16484,5/18/2024,44184, $89.46 
C-685886,Sodium Hypochlorite,P-14445,6/12/2022,28660, $45.00 
C-685357,Hydrochloric Acid,P-13770,2/12/2023,3031, $165.00 
C-685168,Glycol Ethers,P-16484,4/10/2024,12800, $89.46 
C-685710,Sodium Hydroxide,P-12810,7/27/2022,46796, $76.86 
C-684992,Sodium Hypochlorite,P-14445,5/15/2024,1787, $45.00 
C-685308,Sodium Hydroxide,P-12810,5/8/2023,61424, $76.86 
C-685542,Sodium Hydroxide,P-12810,6/9/2022,33316, $76.86 
C-685486,Glycol Ethers,P-16484,2/6/2022,57286, $89.46 
C-685905,Isopropyl Alcohol,P-15586,3/26/2023,10882, $154.74 
C-685188,Sodium Hydroxide,P-12810,3/1/2024,66078, $76.86 
C-685095,Isopropyl Alcohol,P-15586,8/11/2023,52231, $154.74 
C-685157,Hydrogen Peroxide,P-17889,3/18/2024,65818, $57.89 
C-685098,Sodium Hydroxide,P-12810,11/29/2023,64305, $76.86 
C-685697,Hydrogen Peroxide,P-17889,10/13/2023,27432, $57.89 
C-685227,Isopropyl Alcohol,P-15586,2/22/2024,54745, $154.74 
C-685384,Glycol Ethers,P-16484,9/7/2023,22516, $89.46 
C-685573,Hydrochloric Acid,P-13770,7/18/2023,23864, $165.00 
C-685009,Hydrochloric Acid,P-13770,7/31/2023,28394, $165.00 
C-685286,Sodium Hypochlorite,P-14445,1/31/2023,63987, $45.00 
C-685733,Hydrogen Peroxide,P-17889,5/6/2024,45883, $57.89 
C-685722,Sodium Hydroxide,P-12810,2/17/2024,8019, $76.86 
C-685526,Sodium Hypochlorite,P-14445,10/10/2023,31804, $45.00 
C-685745,Hydrogen Peroxide,P-17889,2/4/2024,20344, $57.89 
C-685385,Hydrogen Peroxide,P-17889,3/9/2024,31078, $57.89 
C-685226,Sodium Hypochlorite,P-14445,10/17/2022,62160, $45.00 
C-685872,Sodium Hydroxide,P-12810,8/9/2022,13425, $76.86 
C-685234,Glycol Ethers,P-16484,1/19/2022,905, $89.46 
C-685787,Hydrogen Peroxide,P-17889,10/6/2023,10820, $57.89 
C-685685,Hydrogen Peroxide,P-17889,4/8/2023,33558, $57.89 
C-685392,Sodium Hydroxide,P-12810,10/18/2022,47745, $76.86 
C-685087,Hydrochloric Acid,P-13770,5/25/2023,22312, $165.00 
C-685068,Sodium Hydroxide,P-12810,9/12/2023,16423, $76.86 
C-685421,Hydrogen Peroxide,P-17889,9/2/2022,67880, $57.89 
C-685505,Hydrogen Peroxide,P-17889,3/27/2024,44419, $57.89 
C-685276,Glycol Ethers,P-16484,9/30/2023,21510, $89.46 
C-685596,Sodium Hydroxide,P-12810,3/16/2024,63626, $76.86 
C-685589,Hydrogen Peroxide,P-17889,6/1/2022,43113, $57.89 
C-685802,Sodium Hypochlorite,P-14445,6/20/2022,29101, $45.00 
C-685590,Sodium Hydroxide,P-12810,8/21/2023,13823, $76.86 
C-685003,Hydrochloric Acid,P-13770,6/10/2022,69860, $165.00 
C-685842,Sodium Hydroxide,P-12810,6/22/2023,52481, $76.86 
C-685455,Isopropyl Alcohol,P-15586,11/18/2022,62895, $154.74 
C-685272,Sodium Hydroxide,P-12810,3/21/2024,43035, $76.86 
C-685480,Glycol Ethers,P-16484,4/19/2024,1824, $89.46 
C-685652,Sodium Hypochlorite,P-14445,1/11/2024,41337, $45.00 
C-685079,Hydrogen Peroxide,P-17889,10/22/2023,51098, $57.89 
C-685181,Hydrogen Peroxide,P-17889,11/28/2022,45259, $57.89 
C-685661,Hydrogen Peroxide,P-17889,1/18/2022,5559, $57.89 
C-685574,Sodium Hypochlorite,P-14445,10/5/2023,45773, $45.00 
C-685862,Sodium Hypochlorite,P-14445,6/24/2024,16191, $45.00 
C-685370,Sodium Hypochlorite,P-14445,2/28/2024,14890, $45.00 
C-685728,Sodium Hydroxide,P-12810,3/10/2023,42263, $76.86 
C-685433,Hydrogen Peroxide,P-17889,12/12/2023,8618, $57.89 
C-685289,Hydrogen Peroxide,P-17889,9/19/2022,56263, $57.89 
C-685508,Sodium Hypochlorite,P-14445,2/19/2022,48564, $45.00 
C-685716,Sodium Hydroxide,P-12810,8/18/2023,5014, $76.86 
C-685284,Sodium Hydroxide,P-12810,10/31/2023,723, $76.86 
C-685579,Hydrochloric Acid,P-13770,11/15/2023,41855, $165.00 
C-685506,Sodium Hydroxide,P-12810,5/22/2024,60901, $76.86 
C-685405,Hydrochloric Acid,P-13770,6/8/2022,26106, $165.00 
C-685948,Glycol Ethers,P-16484,5/22/2022,11719, $89.46 
C-685887,Isopropyl Alcohol,P-15586,4/22/2024,30156, $154.74 
C-685420,Glycol Ethers,P-16484,10/1/2022,35508, $89.46 
C-685025,Hydrogen Peroxide,P-17889,2/17/2023,67010, $57.89 
C-685459,Hydrochloric Acid,P-13770,4/5/2022,25798, $165.00 
C-685328,Sodium Hypochlorite,P-14445,1/27/2023,37264, $45.00 
C-685351,Hydrochloric Acid,P-13770,2/26/2023,63376, $165.00 
C-685000,Glycol Ethers,P-16484,5/12/2022,61983, $89.46 
C-685201,Hydrochloric Acid,P-13770,4/10/2023,29944, $165.00 
C-685718,Sodium Hypochlorite,P-14445,11/27/2022,14516, $45.00 
C-685818,Sodium Hydroxide,P-12810,8/18/2022,19329, $76.86 
C-685883,Hydrogen Peroxide,P-17889,8/28/2022,2029, $57.89 
C-685760,Sodium Hypochlorite,P-14445,1/24/2024,27309, $45.00 
C-685271,Hydrogen Peroxide,P-17889,1/9/2022,17693, $57.89 
C-685254,Sodium Hydroxide,P-12810,9/13/2022,57471, $76.86 
C-685051,Hydrochloric Acid,P-13770,5/9/2023,56399, $165.00 
C-685377,Isopropyl Alcohol,P-15586,4/15/2023,26697, $154.74 
C-685429,Hydrochloric Acid,P-13770,3/19/2024,49936, $165.00 
C-685569,Isopropyl Alcohol,P-15586,5/22/2023,1077, $154.74 
C-685302,Sodium Hydroxide,P-12810,4/19/2022,12106, $76.86 
C-685724,Sodium Hypochlorite,P-14445,11/30/2023,54758, $45.00 
C-685058,Sodium Hypochlorite,P-14445,3/4/2024,21161, $45.00 
C-685844,Sodium Hypochlorite,P-14445,2/23/2024,8237, $45.00 
C-685085,Hydrogen Peroxide,P-17889,5/7/2022,50005, $57.89 
C-685517,Hydrogen Peroxide,P-17889,1/10/2023,17863, $57.89 
C-685397,Hydrogen Peroxide,P-17889,10/5/2022,8855, $57.89 
C-685054,Glycol Ethers,P-16484,3/23/2023,22568, $89.46 
C-685500,Sodium Hydroxide,P-12810,8/22/2022,7583, $76.86 
C-685753,Hydrochloric Acid,P-13770,4/29/2024,28368, $165.00 
C-685290,Sodium Hydroxide,P-12810,6/21/2023,58279, $76.86 
C-685762,Glycol Ethers,P-16484,5/19/2024,24394, $89.46 
C-685195,Hydrochloric Acid,P-13770,3/22/2024,46667, $165.00 
C-685225,Hydrochloric Acid,P-13770,4/25/2024,47579, $165.00 
C-685008,Sodium Hydroxide,P-12810,12/7/2022,55737, $76.86 
C-685936,Glycol Ethers,P-16484,6/29/2022,49705, $89.46 
C-685835,Hydrogen Peroxide,P-17889,4/20/2022,16378, $57.89 
C-685642,Glycol Ethers,P-16484,2/1/2022,65702, $89.46 
C-685164,Sodium Hydroxide,P-12810,4/23/2024,7947, $76.86 
C-685067,Hydrogen Peroxide,P-17889,11/6/2023,27063, $57.89 
C-685252,Glycol Ethers,P-16484,5/17/2023,238, $89.46 
C-685933,Hydrochloric Acid,P-13770,10/3/2022,20601, $165.00 
C-685566,Sodium Hydroxide,P-12810,1/16/2024,51271, $76.86 
C-685200,Sodium Hydroxide,P-12810,1/7/2022,21220, $76.86 
C-685510,Glycol Ethers,P-16484,11/13/2023,48106, $89.46 
C-685627,Hydrochloric Acid,P-13770,6/14/2023,24497, $165.00 
C-685460,Sodium Hypochlorite,P-14445,4/10/2022,11079, $45.00 
C-685715,Hydrogen Peroxide,P-17889,4/22/2023,52758, $57.89 
C-685817,Hydrogen Peroxide,P-17889,2/12/2024,52467, $57.89 
C-685017,Isopropyl Alcohol,P-15586,11/8/2022,38070, $154.74 
C-685875,Isopropyl Alcohol,P-15586,2/26/2024,45026, $154.74 
C-685595,Hydrogen Peroxide,P-17889,5/4/2024,25294, $57.89 
C-685780,Glycol Ethers,P-16484,6/7/2022,55770, $89.46 
C-685941,Isopropyl Alcohol,P-15586,2/17/2022,69244, $154.74 
C-685143,Isopropyl Alcohol,P-15586,2/3/2023,52655, $154.74 
C-685313,Hydrogen Peroxide,P-17889,2/10/2022,64822, $57.89 
C-684976,Glycol Ethers,P-16484,11/12/2023,41738, $89.46 
C-685107,Isopropyl Alcohol,P-15586,3/1/2024,1259, $154.74 
C-685347,Isopropyl Alcohol,P-15586,4/27/2022,57456, $154.74 
C-685483,Hydrochloric Acid,P-13770,12/12/2022,2406, $165.00 
C-685394,Sodium Hypochlorite,P-14445,8/31/2022,11690, $45.00 
C-685489,Hydrochloric Acid,P-13770,9/7/2022,47601, $165.00 
C-685147,Hydrochloric Acid,P-13770,4/3/2022,17921, $165.00 
C-685902,Sodium Hydroxide,P-12810,1/14/2023,63454, $76.86 
C-685532,Sodium Hypochlorite,P-14445,5/15/2022,31939, $45.00 
C-685534,Glycol Ethers,P-16484,6/17/2024,28336, $89.46 
C-685358,Sodium Hypochlorite,P-14445,8/23/2022,25099, $45.00 
C-685344,Sodium Hydroxide,P-12810,2/24/2024,41446, $76.86 
C-685896,Sodium Hydroxide,P-12810,12/18/2023,64666, $76.86 
C-685849,Hydrochloric Acid,P-13770,5/11/2024,4107, $165.00 
C-685819,Hydrochloric Acid,P-13770,3/23/2024,11307, $165.00 
C-685664,Sodium Hypochlorite,P-14445,6/7/2024,60928, $45.00 
C-685743,Isopropyl Alcohol,P-15586,8/21/2022,13054, $154.74 
C-685848,Sodium Hydroxide,P-12810,12/7/2023,66601, $76.86 
C-685440,Sodium Hydroxide,P-12810,3/5/2024,53602, $76.86 
C-685939,Hydrochloric Acid,P-13770,3/24/2024,17706, $165.00 
C-685594,Glycol Ethers,P-16484,2/25/2023,67125, $89.46 
C-685279,Hydrochloric Acid,P-13770,5/1/2023,44800, $165.00 
C-685763,Hydrogen Peroxide,P-17889,8/15/2022,295, $57.89 
C-685845,Isopropyl Alcohol,P-15586,7/19/2023,25374, $154.74 
C-685175,Hydrogen Peroxide,P-17889,7/26/2023,69360, $57.89 
C-685854,Sodium Hydroxide,P-12810,1/28/2022,2754, $76.86 
C-685114,Glycol Ethers,P-16484,1/10/2024,21302, $89.46 
C-685767,Isopropyl Alcohol,P-15586,6/27/2023,60599, $154.74 
C-685425,Isopropyl Alcohol,P-15586,12/14/2022,11089, $154.74 
C-685027,Hydrochloric Acid,P-13770,3/17/2022,59192, $165.00 
C-685581,Isopropyl Alcohol,P-15586,6/6/2022,68578, $154.74 
C-685700,Sodium Hypochlorite,P-14445,4/6/2024,40391, $45.00 
C-685214,Sodium Hypochlorite,P-14445,4/13/2024,1233, $45.00 
C-685683,Isopropyl Alcohol,P-15586,4/4/2024,66237, $154.74 
C-685342,Glycol Ethers,P-16484,5/27/2024,65889, $89.46 
C-685310,Sodium Hypochlorite,P-14445,11/26/2023,35191, $45.00 
C-685247,Hydrogen Peroxide,P-17889,6/13/2024,49202, $57.89 
C-685172,Sodium Hypochlorite,P-14445,8/28/2023,64648, $45.00 
C-685060,Glycol Ethers,P-16484,5/12/2023,52231, $89.46 
C-685402,Glycol Ethers,P-16484,2/9/2022,26862, $89.46 
C-685604,Sodium Hypochlorite,P-14445,3/27/2023,32690, $45.00 
C-684965,Hydrogen Peroxide,P-17889,3/28/2024,54206, $57.89 
C-685346,Sodium Hypochlorite,P-14445,2/15/2024,63505, $45.00 
C-685930,Glycol Ethers,P-16484,12/31/2023,7964, $89.46 
C-685719,Isopropyl Alcohol,P-15586,7/29/2023,67362, $154.74 
C-685742,Sodium Hypochlorite,P-14445,2/7/2023,13924, $45.00 
C-685305,Isopropyl Alcohol,P-15586,10/29/2022,44107, $154.74 
C-685822,Glycol Ethers,P-16484,5/8/2024,44342, $89.46 
C-684963,Isopropyl Alcohol,P-15586,6/10/2023,24239, $154.74 
C-685263,Isopropyl Alcohol,P-15586,6/22/2024,46509, $154.74 
C-685461,Isopropyl Alcohol,P-15586,5/24/2023,5092, $154.74 
C-685635,Isopropyl Alcohol,P-15586,3/9/2024,25902, $154.74 
C-685315,Hydrochloric Acid,P-13770,6/18/2022,25191, $165.00 
C-685220,Sodium Hypochlorite,P-14445,11/15/2022,11160, $45.00 
C-685409,Hydrogen Peroxide,P-17889,3/31/2024,25743, $57.89 
C-685119,Isopropyl Alcohol,P-15586,2/27/2024,47755, $154.74 
C-685141,Hydrochloric Acid,P-13770,8/15/2023,11852, $165.00 
C-685807,Hydrochloric Acid,P-13770,8/29/2022,27762, $165.00 
C-685178,Sodium Hypochlorite,P-14445,2/26/2024,48111, $45.00 
C-685304,Sodium Hypochlorite,P-14445,5/19/2023,61089, $45.00 
C-685735,Hydrochloric Acid,P-13770,5/24/2024,29833, $165.00 
C-684959,Hydrogen Peroxide,P-17889,11/4/2023,64974, $57.89 
C-685465,Hydrochloric Acid,P-13770,3/7/2022,12092, $165.00 
C-685940,Sodium Hypochlorite,P-14445,6/12/2023,25447, $45.00 
C-685711,Hydrochloric Acid,P-13770,2/18/2023,59869, $165.00 
C-685775,Hydrogen Peroxide,P-17889,11/30/2022,29078, $57.89 
C-685598,Sodium Hypochlorite,P-14445,3/15/2024,10713, $45.00 
C-685546,Glycol Ethers,P-16484,3/9/2023,63531, $89.46 
C-685676,Sodium Hypochlorite,P-14445,12/24/2023,49958, $45.00 
C-685562,Sodium Hypochlorite,P-14445,6/4/2022,27957, $45.00 
C-685124,Sodium Hypochlorite,P-14445,6/16/2023,41337, $45.00 
C-685006,Glycol Ethers,P-16484,11/26/2022,21216, $89.46 
C-685294,Glycol Ethers,P-16484,7/6/2023,47823, $89.46 
C-685518,Sodium Hydroxide,P-12810,10/20/2023,28625, $76.86 
C-684956,Sodium Hypochlorite,P-14445,6/17/2022,60241, $45.00 
C-685390,Glycol Ethers,P-16484,6/1/2023,29336, $89.46 
C-685367,Hydrogen Peroxide,P-17889,11/14/2023,17614, $57.89 
C-685783,Hydrochloric Acid,P-13770,4/30/2024,48795, $165.00 
C-685371,Isopropyl Alcohol,P-15586,11/20/2023,9443, $154.74 
C-685547,Hydrogen Peroxide,P-17889,8/27/2023,5060, $57.89 
C-685322,Sodium Hypochlorite,P-14445,12/8/2023,14895, $45.00 
C-685144,Glycol Ethers,P-16484,8/8/2022,50396, $89.46 
C-685857,Isopropyl Alcohol,P-15586,9/10/2022,15689, $154.74 
C-685553,Hydrogen Peroxide,P-17889,3/10/2024,57298, $57.89 
C-685653,Isopropyl Alcohol,P-15586,1/16/2023,63413, $154.74 
C-685662,Sodium Hydroxide,P-12810,12/23/2023,60104, $76.86 
C-685240,Glycol Ethers,P-16484,6/21/2024,51385, $89.46 
C-685345,Hydrochloric Acid,P-13770,7/18/2022,31079, $165.00 
C-685900,Glycol Ethers,P-16484,1/12/2022,44312, $89.46 
C-685223,Hydrogen Peroxide,P-17889,12/4/2023,65299, $57.89 
C-685293,Isopropyl Alcohol,P-15586,3/25/2024,38146, $154.74 
C-685906,Glycol Ethers,P-16484,6/30/2022,15359, $89.46 
C-685608,Sodium Hydroxide,P-12810,5/5/2024,769, $76.86 
C-685331,Hydrogen Peroxide,P-17889,12/17/2023,25574, $57.89 
C-685829,Hydrogen Peroxide,P-17889,3/6/2023,63753, $57.89 
C-685378,Glycol Ethers,P-16484,1/19/2024,6637, $89.46 
C-685106,Sodium Hypochlorite,P-14445,8/22/2023,23922, $45.00 
C-685751,Hydrogen Peroxide,P-17889,6/18/2023,53971, $57.89 
C-685329,Isopropyl Alcohol,P-15586,4/22/2022,26624, $154.74 
C-684994,Glycol Ethers,P-16484,8/25/2022,58910, $89.46 
C-685670,Sodium Hypochlorite,P-14445,1/11/2023,38817, $45.00 
C-685047,Isopropyl Alcohol,P-15586,12/29/2022,1479, $154.74 
C-685645,Hydrochloric Acid,P-13770,4/18/2024,55696, $165.00 
C-685260,Sodium Hydroxide,P-12810,10/24/2023,18787, $76.86 
C-685599,Isopropyl Alcohol,P-15586,4/29/2024,13647, $154.74 
C-685258,Glycol Ethers,P-16484,11/11/2022,17775, $89.46 
C-685612,Glycol Ethers,P-16484,4/25/2024,32777, $89.46 
C-685059,Isopropyl Alcohol,P-15586,5/17/2022,38725, $154.74 
C-685687,Hydrochloric Acid,P-13770,11/11/2023,10145, $165.00 
C-685631,Hydrogen Peroxide,P-17889,10/2/2023,61431, $57.89 
C-685761,Isopropyl Alcohol,P-15586,5/3/2023,24126, $154.74 
C-685244,Sodium Hypochlorite,P-14445,5/13/2023,69105, $45.00 
C-685932,Sodium Hydroxide,P-12810,8/3/2022,51864, $76.86 
C-685924,Glycol Ethers,P-16484,2/26/2022,43606, $89.46 
C-685528,Glycol Ethers,P-16484,8/2/2023,267, $89.46 
C-685720,Glycol Ethers,P-16484,11/9/2022,19128, $89.46 
C-685903,Hydrochloric Acid,P-13770,12/9/2022,6911, $165.00 
C-684981,Isopropyl Alcohol,P-15586,10/23/2022,46578, $154.74 
C-685016,Sodium Hypochlorite,P-14445,4/11/2024,30882, $45.00 
C-685814,Sodium Hypochlorite,P-14445,1/8/2023,27551, $45.00 
C-685702,Glycol Ethers,P-16484,10/19/2023,35047, $89.46 
C-685793,Hydrogen Peroxide,P-17889,2/2/2023,13774, $57.89 
C-684957,Isopropyl Alcohol,P-15586,4/12/2023,51412, $154.74 
C-685001,Hydrogen Peroxide,P-17889,10/4/2022,69964, $57.89 
C-685597,Hydrochloric Acid,P-13770,1/22/2024,39112, $165.00 
C-685663,Hydrochloric Acid,P-13770,5/14/2023,49653, $165.00 
C-685430,Sodium Hypochlorite,P-14445,10/16/2023,51227, $45.00 
C-685482,Sodium Hydroxide,P-12810,4/18/2024,16679, $76.86 
C-685450,Glycol Ethers,P-16484,7/2/2022,57234, $89.46 
C-685893,Isopropyl Alcohol,P-15586,8/1/2023,26589, $154.74 
C-685904,Sodium Hypochlorite,P-14445,3/19/2024,3399, $45.00 
C-685610,Sodium Hypochlorite,P-14445,4/1/2022,39043, $45.00 
C-685514,Sodium Hypochlorite,P-14445,3/3/2022,53840, $45.00 
C-685650,Sodium Hydroxide,P-12810,10/29/2023,25423, $76.86 
C-685462,Glycol Ethers,P-16484,10/15/2022,29989, $89.46 
C-685248,Sodium Hydroxide,P-12810,3/16/2023,995, $76.86 
C-685369,Hydrochloric Acid,P-13770,7/19/2022,18940, $165.00 
C-685211,Hydrogen Peroxide,P-17889,9/20/2022,6997, $57.89 
C-685474,Glycol Ethers,P-16484,12/5/2023,14810, $89.46 
C-685891,Hydrochloric Acid,P-13770,2/18/2024,14150, $165.00 
C-684978,Sodium Hydroxide,P-12810,8/30/2022,45492, $76.86 
C-685921,Hydrochloric Acid,P-13770,10/7/2023,69058, $165.00 
C-685412,Sodium Hypochlorite,P-14445,2/19/2023,68109, $45.00 
C-685938,Sodium Hydroxide,P-12810,6/27/2022,38576, $76.86 
C-685311,Isopropyl Alcohol,P-15586,10/30/2022,48731, $154.74 
C-685081,Hydrochloric Acid,P-13770,11/1/2023,40554, $165.00 
C-685950,Sodium Hydroxide,P-12810,6/25/2023,14414, $76.86 
C-685839,Isopropyl Alcohol,P-15586,4/5/2024,28233, $154.74 
C-685179,Isopropyl Alcohol,P-15586,1/2/2024,60319, $154.74 
C-685062,Sodium Hydroxide,P-12810,2/22/2022,7268, $76.86 
C-685740,Sodium Hydroxide,P-12810,12/6/2022,21869, $76.86 
C-685312,Glycol Ethers,P-16484,7/8/2023,59970, $89.46 
C-685028,Sodium Hypochlorite,P-14445,1/24/2022,331, $45.00 
C-685045,Hydrochloric Acid,P-13770,1/25/2022,47833, $165.00 
C-685806,Sodium Hydroxide,P-12810,7/12/2022,11359, $76.86 
C-685174,Glycol Ethers,P-16484,1/5/2022,25989, $89.46 
C-685237,Hydrochloric Acid,P-13770,11/2/2022,25837, $165.00 
C-685033,Hydrochloric Acid,P-13770,3/16/2024,51678, $165.00 
C-685268,Sodium Hypochlorite,P-14445,8/10/2022,27670, $45.00 
C-685527,Isopropyl Alcohol,P-15586,10/9/2023,63977, $154.74 
C-685888,Glycol Ethers,P-16484,3/15/2023,13732, $89.46 
C-685828,Glycol Ethers,P-16484,10/15/2023,50010, $89.46 
C-685561,Hydrochloric Acid,P-13770,10/6/2022,3252, $165.00 
C-685069,Hydrochloric Acid,P-13770,10/9/2022,13596, $165.00 
C-685117,Hydrochloric Acid,P-13770,4/16/2024,63301, $165.00 
C-685287,Isopropyl Alcohol,P-15586,3/4/2023,2679, $154.74 
C-685065,Isopropyl Alcohol,P-15586,4/9/2024,47112, $154.74 
C-685484,Sodium Hypochlorite,P-14445,9/27/2022,53723, $45.00 
C-685552,Glycol Ethers,P-16484,2/28/2023,44333, $89.46 
C-685682,Sodium Hypochlorite,P-14445,3/14/2024,39562, $45.00 
C-685611,Isopropyl Alcohol,P-15586,5/22/2024,65581, $154.74 
C-684982,Glycol Ethers,P-16484,3/19/2023,56145, $89.46 
C-685709,Hydrogen Peroxide,P-17889,12/22/2023,28880, $57.89 
C-685671,Isopropyl Alcohol,P-15586,1/14/2024,63786, $154.74 
C-685380,Sodium Hydroxide,P-12810,1/18/2023,58027, $76.86 
C-685570,Glycol Ethers,P-16484,8/5/2023,67116, $89.46 
C-685330,Glycol Ethers,P-16484,2/16/2024,3728, $89.46 
C-685112,Sodium Hypochlorite,P-14445,12/9/2023,47229, $45.00 
C-685946,Sodium Hypochlorite,P-14445,7/15/2023,40676, $45.00 
C-685233,Isopropyl Alcohol,P-15586,8/16/2022,52726, $154.74 
C-685071,Isopropyl Alcohol,P-15586,4/26/2024,54534, $154.74 
C-685678,Glycol Ethers,P-16484,10/25/2023,1154, $89.46 
C-684993,Isopropyl Alcohol,P-15586,5/15/2024,10505, $154.74 
C-685123,Hydrochloric Acid,P-13770,3/26/2022,16353, $165.00 
C-685632,Sodium Hydroxide,P-12810,2/20/2023,57122, $76.86 
C-685104,Sodium Hydroxide,P-12810,4/1/2023,45714, $76.86 
C-685796,Sodium Hypochlorite,P-14445,9/4/2022,5100, $45.00 
C-685878,Sodium Hydroxide,P-12810,10/28/2023,42938, $76.86 
C-685021,Hydrochloric Acid,P-13770,8/23/2023,33137, $165.00 
C-684996,Sodium Hydroxide,P-12810,4/5/2024,27634, $76.86 
C-685606,Glycol Ethers,P-16484,11/5/2022,7951, $89.46 
C-685149,Isopropyl Alcohol,P-15586,7/29/2022,33634, $154.74 
C-685952,Sodium Hypochlorite,P-14445,3/7/2024,5365, $45.00 
C-685012,Glycol Ethers,P-16484,5/8/2024,50796, $89.46 
C-685713,Isopropyl Alcohol,P-15586,5/19/2024,12226, $154.74 
C-685133,Hydrogen Peroxide,P-17889,6/26/2022,22291, $57.89 
C-685401,Isopropyl Alcohol,P-15586,11/5/2023,14254, $154.74 
C-685655,Hydrogen Peroxide,P-17889,11/23/2022,1208, $57.89 
C-685061,Hydrogen Peroxide,P-17889,3/22/2023,44942, $57.89 
C-685383,Isopropyl Alcohol,P-15586,12/15/2022,37377, $154.74 
C-685665,Isopropyl Alcohol,P-15586,3/13/2024,45594, $154.74 
C-685089,Isopropyl Alcohol,P-15586,8/6/2023,11105, $154.74 
C-685723,Hydrochloric Acid,P-13770,1/9/2023,68485, $165.00 
C-685576,Glycol Ethers,P-16484,5/14/2024,43370, $89.46 
C-684955,Hydrochloric Acid,P-13770,5/19/2022,17873, $165.00 
C-685782,Sodium Hydroxide,P-12810,7/25/2023,55663, $76.86 
C-685572,Sodium Hydroxide,P-12810,4/23/2024,58801, $76.86 
C-685717,Hydrochloric Acid,P-13770,12/21/2023,7992, $165.00 
C-685205,Hydrogen Peroxide,P-17889,4/17/2024,43905, $57.89 
C-685274,Sodium Hypochlorite,P-14445,1/27/2022,28787, $45.00 
C-685620,Sodium Hydroxide,P-12810,2/13/2023,1482, $76.86 
C-685458,Sodium Hydroxide,P-12810,3/29/2023,34921, $76.86 
C-685020,Sodium Hydroxide,P-12810,4/13/2024,18802, $76.86 
C-685630,Glycol Ethers,P-16484,6/6/2024,8073, $89.46 
C-685464,Sodium Hydroxide,P-12810,4/21/2024,53209, $76.86 
C-685774,Glycol Ethers,P-16484,9/14/2022,25285, $89.46 
C-685138,Glycol Ethers,P-16484,2/11/2024,57541, $89.46 
C-685406,Sodium Hypochlorite,P-14445,10/23/2023,36646, $45.00 
C-685030,Glycol Ethers,P-16484,1/20/2022,50203, $89.46 
C-685408,Glycol Ethers,P-16484,8/6/2022,31425, $89.46 
C-685437,Isopropyl Alcohol,P-15586,2/24/2023,66253, $154.74 
C-685810,Glycol Ethers,P-16484,2/2/2024,60519, $89.46 
C-685747,Hydrochloric Acid,P-13770,4/18/2022,36714, $165.00 
C-685809,Isopropyl Alcohol,P-15586,1/23/2022,43197, $154.74 
C-685361,Hydrogen Peroxide,P-17889,5/25/2022,35638, $57.89 
C-685126,Glycol Ethers,P-16484,11/24/2023,15053, $89.46 
C-685110,Sodium Hydroxide,P-12810,8/25/2023,23520, $76.86 
C-685686,Sodium Hydroxide,P-12810,3/12/2024,5511, $76.86 
C-685241,Hydrogen Peroxide,P-17889,11/16/2023,65580, $57.89 
C-685155,Isopropyl Alcohol,P-15586,1/6/2023,5174, $154.74 
C-685426,Glycol Ethers,P-16484,4/26/2023,1534, $89.46 
C-685196,Sodium Hypochlorite,P-14445,9/24/2023,42292, $45.00 
C-685658,Sodium Hypochlorite,P-14445,12/26/2022,59285, $45.00 
C-685633,Hydrochloric Acid,P-13770,2/27/2023,61564, $165.00 
C-685535,Hydrogen Peroxide,P-17889,2/16/2022,54109, $57.89 
C-685649,Hydrogen Peroxide,P-17889,8/26/2022,3613, $57.89 
C-685109,Hydrogen Peroxide,P-17889,1/8/2024,17637, $57.89 
C-685228,Glycol Ethers,P-16484,4/15/2024,20697, $89.46 
C-685544,Sodium Hypochlorite,P-14445,6/30/2023,6398, $45.00 
C-685306,Glycol Ethers,P-16484,5/16/2023,3033, $89.46 
C-685297,Hydrochloric Acid,P-13770,10/21/2022,10825, $165.00 
C-685038,Sodium Hydroxide,P-12810,12/3/2022,34392, $76.86 
C-685018,Glycol Ethers,P-16484,2/21/2023,69236, $89.46 
C-685024,Glycol Ethers,P-16484,3/29/2024,1169, $89.46 
C-685341,Isopropyl Alcohol,P-15586,5/6/2023,36015, $154.74 
C-685491,Isopropyl Alcohol,P-15586,2/16/2023,21336, $154.74 
C-685565,Hydrogen Peroxide,P-17889,1/17/2022,20184, $57.89 
C-685647,Isopropyl Alcohol,P-15586,1/18/2024,41818, $154.74 
C-685639,Hydrochloric Acid,P-13770,7/31/2022,42240, $165.00 
C-685251,Isopropyl Alcohol,P-15586,1/1/2022,42905, $154.74 
C-685131,Isopropyl Alcohol,P-15586,11/22/2023,34004, $154.74 
C-685609,Hydrochloric Acid,P-13770,7/13/2022,66316, $165.00 
C-685376,Sodium Hypochlorite,P-14445,4/7/2024,29325, $45.00 
C-685621,Hydrochloric Acid,P-13770,5/29/2022,41340, $165.00 
C-685934,Sodium Hypochlorite,P-14445,6/29/2023,28878, $45.00 
C-685881,Isopropyl Alcohol,P-15586,1/29/2022,25267, $154.74 
C-685912,Glycol Ethers,P-16484,2/7/2022,16760, $89.46 
C-685680,Sodium Hydroxide,P-12810,10/2/2022,38900, $76.86 
C-685090,Glycol Ethers,P-16484,6/6/2023,67050, $89.46 
C-685638,Sodium Hydroxide,P-12810,2/9/2023,32366, $76.86 
C-685571,Hydrogen Peroxide,P-17889,1/29/2023,26933, $57.89 
C-684997,Hydrochloric Acid,P-13770,11/14/2022,65306, $165.00 
C-685786,Glycol Ethers,P-16484,4/15/2022,30001, $89.46 
C-684969,Isopropyl Alcohol,P-15586,12/23/2022,46461, $154.74 
C-685726,Glycol Ethers,P-16484,10/28/2022,63597, $89.46 
C-685759,Hydrochloric Acid,P-13770,9/9/2023,53777, $165.00 
C-685182,Sodium Hydroxide,P-12810,1/15/2024,16660, $76.86 
C-685637,Hydrogen Peroxide,P-17889,3/26/2024,61219, $57.89 
C-685454,Sodium Hypochlorite,P-14445,12/16/2023,52715, $45.00 
C-685656,Sodium Hydroxide,P-12810,3/15/2024,57171, $76.86 
C-685815,Isopropyl Alcohol,P-15586,2/29/2024,30468, $154.74 
C-685675,Hydrochloric Acid,P-13770,3/19/2022,62360, $165.00 
C-685791,Isopropyl Alcohol,P-15586,8/17/2023,10504, $154.74 
C-685592,Sodium Hypochlorite,P-14445,4/25/2023,49605, $45.00 
C-685558,Glycol Ethers,P-16484,1/29/2024,54914, $89.46 
C-685362,Sodium Hydroxide,P-12810,6/2/2024,18575, $76.86 
C-685601,Hydrogen Peroxide,P-17889,11/25/2023,62538, $57.89 
C-685551,Isopropyl Alcohol,P-15586,9/10/2023,63594, $154.74 
C-685350,Sodium Hydroxide,P-12810,10/10/2022,36164, $76.86 
C-685224,Sodium Hydroxide,P-12810,12/4/2022,66552, $76.86 
C-685788,Sodium Hydroxide,P-12810,4/26/2024,51867, $76.86 
C-685778,Sodium Hypochlorite,P-14445,12/11/2022,58920, $45.00 
C-685414,Glycol Ethers,P-16484,8/12/2023,17122, $89.46 
C-684989,Hydrogen Peroxide,P-17889,6/28/2022,16493, $57.89 
C-685509,Isopropyl Alcohol,P-15586,2/15/2023,43488, $154.74 
C-685714,Glycol Ethers,P-16484,6/23/2023,28916, $89.46 
C-685922,Sodium Hypochlorite,P-14445,8/17/2022,15062, $45.00 
C-685415,Hydrogen Peroxide,P-17889,10/26/2023,59077, $57.89 
C-685135,Hydrochloric Acid,P-13770,4/29/2023,63925, $165.00 
C-685332,Sodium Hydroxide,P-12810,10/14/2023,29773, $76.86 
C-685773,Isopropyl Alcohol,P-15586,1/21/2023,55979, $154.74 
C-685543,Hydrochloric Acid,P-13770,5/7/2024,33550, $165.00 
C-685677,Isopropyl Alcohol,P-15586,4/2/2024,43985, $154.74 
C-685869,Isopropyl Alcohol,P-15586,9/22/2022,45692, $154.74 
C-685731,Isopropyl Alcohol,P-15586,5/28/2023,41623, $154.74 
C-685239,Isopropyl Alcohol,P-15586,2/25/2024,9293, $154.74 
C-685628,Sodium Hypochlorite,P-14445,8/13/2022,3469, $45.00 
C-685264,Glycol Ethers,P-16484,4/24/2024,46347, $89.46 
C-685042,Glycol Ethers,P-16484,3/30/2022,16984, $89.46 
C-685836,Sodium Hydroxide,P-12810,4/28/2022,50242, $76.86 
C-685173,Isopropyl Alcohol,P-15586,6/5/2023,34919, $154.74 
C-685099,Hydrochloric Acid,P-13770,3/21/2022,21756, $165.00 
C-685031,Hydrogen Peroxide,P-17889,7/27/2023,61420, $57.89 
C-685768,Glycol Ethers,P-16484,9/16/2022,40470, $89.46 
C-685177,Hydrochloric Acid,P-13770,3/28/2022,21032, $165.00 
C-685232,Sodium Hypochlorite,P-14445,1/5/2023,5824, $45.00 
C-685456,Glycol Ethers,P-16484,3/24/2024,19061, $89.46 
C-685198,Glycol Ethers,P-16484,7/10/2023,36904, $89.46 
C-685259,Hydrogen Peroxide,P-17889,11/22/2022,67367, $57.89 
C-685673,Hydrogen Peroxide,P-17889,5/30/2023,2621, $57.89 
C-685766,Sodium Hypochlorite,P-14445,4/24/2022,11113, $45.00 
C-685334,Sodium Hypochlorite,P-14445,7/9/2022,41104, $45.00 
C-685246,Glycol Ethers,P-16484,9/16/2023,47350, $89.46 
C-685538,Sodium Hypochlorite,P-14445,6/12/2024,24193, $45.00 
C-685587,Isopropyl Alcohol,P-15586,5/21/2022,60084, $154.74 
C-685256,Sodium Hypochlorite,P-14445,5/2/2024,40204, $45.00 
C-685323,Isopropyl Alcohol,P-15586,4/4/2023,35238, $154.74 
C-685043,Hydrogen Peroxide,P-17889,4/27/2024,67592, $57.89 
C-685029,Isopropyl Alcohol,P-15586,12/25/2022,66102, $154.74 
C-685894,Glycol Ethers,P-16484,12/20/2023,15090, $89.46 
C-685540,Glycol Ethers,P-16484,1/15/2023,45208, $89.46 
