customer_id,product_info,top_purchases,customer_id,product_info,bottom_purchases,customer_id,product_info,total_purchases,purchase_value,product_info,average_purchase_value,product_frequency,product_info,total_purchases,purchase_date,total_purchases,total_price,    product_info,
customer_id,product_info,top_purchases,customer_id,product_info,bottom_purchases,customer_id,product_info,total_purchases,purchase_value,product_info,average_purchase_value,product_frequency,product_info,total_purchases,purchase_date,total_purchases,total_price,    product_info,0
C-685914,Sodium Hydroxide,364964,C-685252,Glycol Ethers,238,C-685251,Isopropyl Alcohol,233329,36105329.46,Hydrochloric Acid,5734296.38,167,Sodium Hypochlorite,6150318,44562,85810,13278239.4,   Hydrochloric Acid,1915254990
C-685102,Glycol Ethers,248437,C-685528,Glycol Ethers,267,C-685102,Glycol Ethers,248437,22225174.02,Isopropyl Alcohol,5110530.86,166,Sodium Hydroxide,5970163,44563,15034,1344941.64,   Isopropyl Alcohol,1696696247
C-685251,Isopropyl Alcohol,233329,C-685737,Isopropyl Alcohol,283,C-685914,Sodium Hydroxide,251957,19365415.02,Glycol Ethers,3193073.68,166,Glycol Ethers,5924997,44564,19482,1497386.52,     Glycol Ethers,1060100463
C-685914,Sodium Hypochlorite,95592,C-685763,Hydrogen Peroxide,295,C-685003,Hydrochloric Acid,69860,11526900,Sodium Hydroxide,2747704.96,167,Hydrochloric Acid,5803803,44565,46482,3572606.52,    Sodium Hydroxide,917733456
C-685684,Glycol Ethers,69965,C-685028,Sodium Hypochlorite,331,C-685531,Hydrochloric Acid,69444,11458260,Hydrogen Peroxide,1927970.3,166,Hydrogen Peroxide,5528469,44566,51978,4649951.88,   Hydrogen Peroxide,640086141
C-685001,Hydrogen Peroxide,69964,C-685284,Sodium Hydroxide,723,C-685399,Hydrochloric Acid,69227,11422455,Sodium Hypochlorite,1657271.32,167,Isopropyl Alcohol,5482410,44567,83602,6425649.72,  Sodium Hypochlorite,553528620
C-685324,Glycol Ethers,69863,C-685801,Hydrochloric Acid,767,C-685921,Hydrochloric Acid,69058,11394570,0,0,0,0,0,44568,42440,3261938.4,0,0
C-685003,Hydrochloric Acid,69860,C-685608,Sodium Hydroxide,769,C-685723,Hydrochloric Acid,68485,11300025,0,0,0,0,0,44569,80014,4632010.46,0,0
C-685820,Sodium Hypochlorite,69824,C-685757,Hydrogen Peroxide,795,C-685261,Hydrochloric Acid,68247,11260755,0,0,0,0,0,44570,35386,2048495.54,0,0
C-685618,Glycol Ethers,69593,C-685078,Glycol Ethers,839,C-685651,Hydrochloric Acid,66544,10979760,0,0,0,0,0,44571,86090,13321566.6,0,0
0,0,0,0,0,0,C-685609,Hydrochloric Acid,66316,10942140,0,0,0,0,0,44572,38776,2244742.64,0,0
0,0,0,0,0,0,C-684961,Hydrochloric Acid,65616,10826640,0,0,0,0,0,44573,88624,7928303.04,0,0
0,0,0,0,0,0,C-685879,Hydrochloric Acid,65478,10803870,0,0,0,0,0,44574,55710,3225051.9,0,0
0,0,0,0,0,0,C-684997,Hydrochloric Acid,65306,10775490,0,0,0,0,0,44575,130894,5890230,0,0
0,0,0,0,0,0,C-685015,Hydrochloric Acid,65276,10770540,0,0,0,0,0,44576,74430,3349350,0,0
0,0,0,0,0,0,C-685605,Isopropyl Alcohol,69451,10746847.74,0,0,0,0,0,44577,124940,20615100,0,0
0,0,0,0,0,0,C-685941,Isopropyl Alcohol,69244,10714816.56,0,0,0,0,0,44578,40368,2336903.52,0,0
0,0,0,0,0,0,C-685873,Hydrochloric Acid,64500,10642500,0,0,0,0,0,44579,11118,643621.02,0,0
0,0,0,0,0,0,C-685581,Isopropyl Alcohol,68578,10611759.72,0,0,0,0,0,44580,1810,161922.6,0,0
0,0,0,0,0,0,C-685411,Hydrochloric Acid,64115,10578975,0,0,0,0,0,44581,100406,8982320.76,0,0
0,0,0,0,0,0,C-685729,Hydrochloric Acid,64061,10570065,0,0,0,0,0,44582,12414,718646.46,0,0
0,0,0,0,0,0,C-685135,Hydrochloric Acid,63925,10547625,0,0,0,0,0,44583,136776,7917962.64,0,0
0,0,0,0,0,0,C-685351,Hydrochloric Acid,63376,10457040,0,0,0,0,0,44584,86394,13368607.56,0,0
0,0,0,0,0,0,C-685117,Hydrochloric Acid,63301,10444665,0,0,0,0,0,44585,662,29790,0,0
0,0,0,0,0,0,C-685719,Isopropyl Alcohol,67362,10423595.88,0,0,0,0,0,44586,95666,15784890,0,0
0,0,0,0,0,0,C-685513,Hydrochloric Acid,62628,10333620,0,0,0,0,0,44587,138012,7989514.68,0,0
0,0,0,0,0,0,C-685093,Hydrochloric Acid,62470,10307550,0,0,0,0,0,44588,57574,2590830,0,0
0,0,0,0,0,0,C-685675,Hydrochloric Acid,62360,10289400,0,0,0,0,0,44589,5508,423344.88,0,0
0,0,0,0,0,0,C-685159,Hydrochloric Acid,62259,10272735,0,0,0,0,0,44590,50534,7819631.16,0,0
0,0,0,0,0,0,C-685437,Isopropyl Alcohol,66253,10251989.22,0,0,0,0,0,44591,125586,7270173.54,0,0
0,0,0,0,0,0,C-685683,Isopropyl Alcohol,66237,10249513.38,0,0,0,0,0,44592,39250,3511305,0,0
0,0,0,0,0,0,C-685029,Isopropyl Alcohol,66102,10228623.48,0,0,0,0,0,44593,65702,5877700.92,0,0
0,0,0,0,0,0,C-685593,Isopropyl Alcohol,65755,10174928.7,0,0,0,0,0,44594,1549,89671.61,0,0
0,0,0,0,0,0,C-685633,Hydrochloric Acid,61564,10158060,0,0,0,0,0,44595,17802,2937330,0,0
0,0,0,0,0,0,C-685827,Isopropyl Alcohol,65627,10155121.98,0,0,0,0,0,44596,60417,5404904.82,0,0
0,0,0,0,0,0,C-685611,Isopropyl Alcohol,65581,10148003.94,0,0,0,0,0,44597,27316,4507140,0,0
0,0,0,0,0,0,C-685477,Hydrochloric Acid,60044,9907260,0,0,0,0,0,44598,57286,5124805.56,0,0
0,0,0,0,0,0,C-685527,Isopropyl Alcohol,63977,9899800.98,0,0,0,0,0,44599,16760,1499349.6,0,0
0,0,0,0,0,0,C-685711,Hydrochloric Acid,59869,9878385,0,0,0,0,0,44600,283,43791.42,0,0
0,0,0,0,0,0,C-685671,Isopropyl Alcohol,63786,9870245.64,0,0,0,0,0,44601,26862,2403074.52,0,0
0,0,0,0,0,0,C-685551,Isopropyl Alcohol,63594,9840535.56,0,0,0,0,0,44602,64822,3752545.58,0,0
0,0,0,0,0,0,C-685779,Isopropyl Alcohol,63426,9814539.24,0,0,0,0,0,44603,60230,9319990.2,0,0
0,0,0,0,0,0,C-685387,Hydrochloric Acid,59339,9790935,0,0,0,0,0,44604,19391,3000563.34,0,0
0,0,0,0,0,0,C-685027,Hydrochloric Acid,59192,9766680,0,0,0,0,0,44605,28511,1282995,0,0
0,0,0,0,0,0,C-685455,Isopropyl Alcohol,62895,9732372.3,0,0,0,0,0,44606,26032,4028191.68,0,0
0,0,0,0,0,0,C-685167,Isopropyl Alcohol,62362,9649895.88,0,0,0,0,0,44607,43431,3885337.26,0,0
0,0,0,0,0,0,C-685507,Hydrochloric Acid,58132,9591780,0,0,0,0,0,44608,54109,3132370.01,0,0
0,0,0,0,0,0,C-685525,Hydrochloric Acid,57313,9456645,0,0,0,0,0,44609,69244,10714816.56,0,0
0,0,0,0,0,0,C-685183,Hydrochloric Acid,56860,9381900,0,0,0,0,0,44610,44505,3981417.3,0,0
0,0,0,0,0,0,C-685767,Isopropyl Alcohol,60599,9377089.26,0,0,0,0,0,44611,48564,2185380,0,0
0,0,0,0,0,0,C-685179,Isopropyl Alcohol,60319,9333762.06,0,0,0,0,0,44612,43865,2539344.85,0,0
0,0,0,0,0,0,C-685497,Isopropyl Alcohol,60230,9319990.2,0,0,0,0,0,44613,65238,2935710,0,0
0,0,0,0,0,0,C-685051,Hydrochloric Acid,56399,9305835,0,0,0,0,0,44614,7268,558618.48,0,0
0,0,0,0,0,0,C-684987,Isopropyl Alcohol,60084,9297398.16,0,0,0,0,0,44615,36142,1626390,0,0
0,0,0,0,0,0,C-685587,Isopropyl Alcohol,60084,9297398.16,0,0,0,0,0,44616,59935,9274341.9,0,0
0,0,0,0,0,0,C-685623,Isopropyl Alcohol,59935,9274341.9,0,0,0,0,0,44617,66096,2974320,0,0
0,0,0,0,0,0,C-685161,Isopropyl Alcohol,59835,9258867.9,0,0,0,0,0,44618,43606,3900992.76,0,0
0,0,0,0,0,0,C-685689,Isopropyl Alcohol,59563,9216778.62,0,0,0,0,0,44619,24800,4092000,0,0
0,0,0,0,0,0,C-685645,Hydrochloric Acid,55696,9189840,0,0,0,0,0,44620,16789,2770185,0,0
0,0,0,0,0,0,C-685909,Hydrochloric Acid,55397,9140505,0,0,0,0,0,44621,27151,2428928.46,0,0
0,0,0,0,0,0,C-685171,Hydrochloric Acid,54716,9028140,0,0,0,0,0,44622,24486,3788963.64,0,0
0,0,0,0,0,0,C-685813,Hydrochloric Acid,54547,9000255,0,0,0,0,0,44623,53840,2422800,0,0
0,0,0,0,0,0,C-685567,Hydrochloric Acid,54432,8981280,0,0,0,0,0,44624,63723,2867535,0,0
0,0,0,0,0,0,C-685189,Hydrochloric Acid,54018,8912970,0,0,0,0,0,44625,14815,2444475,0,0
0,0,0,0,0,0,C-685347,Isopropyl Alcohol,57456,8890741.44,0,0,0,0,0,44626,26037,2001203.82,0,0
0,0,0,0,0,0,C-685125,Isopropyl Alcohol,57406,8883004.44,0,0,0,0,0,44627,12092,1995180,0,0
0,0,0,0,0,0,C-685759,Hydrochloric Acid,53777,8873205,0,0,0,0,0,44628,59339,9790935,0,0
0,0,0,0,0,0,C-685773,Isopropyl Alcohol,55979,8662190.46,0,0,0,0,0,44629,69593,6225789.78,0,0
0,0,0,0,0,0,C-685053,Isopropyl Alcohol,55412,8574452.88,0,0,0,0,0,44630,33962,5255279.88,0,0
0,0,0,0,0,0,C-685137,Isopropyl Alcohol,55397,8572131.78,0,0,0,0,0,44631,38477,5953930.98,0,0
0,0,0,0,0,0,C-685033,Hydrochloric Acid,51678,8526870,0,0,0,0,0,44632,6883,529027.38,0,0
0,0,0,0,0,0,C-685227,Isopropyl Alcohol,54745,8471241.3,0,0,0,0,0,44633,16644,2746260,0,0
0,0,0,0,0,0,C-685339,Hydrochloric Acid,51219,8451135,0,0,0,0,0,44634,68572,3085740,0,0
0,0,0,0,0,0,C-685795,Hydrochloric Acid,51204,8448660,0,0,0,0,0,44635,35807,2072867.23,0,0
0,0,0,0,0,0,C-685071,Isopropyl Alcohol,54534,8438591.16,0,0,0,0,0,44636,3252,290923.92,0,0
0,0,0,0,0,0,C-685467,Isopropyl Alcohol,53602,8294373.48,0,0,0,0,0,44637,59192,9766680,0,0
0,0,0,0,0,0,C-685207,Hydrochloric Acid,49960,8243400,0,0,0,0,0,44638,18142,816390,0,0
0,0,0,0,0,0,C-685429,Hydrochloric Acid,49936,8239440,0,0,0,0,0,44639,62360,10289400,0,0
0,0,0,0,0,0,C-685519,Hydrochloric Acid,49902,8233830,0,0,0,0,0,44640,14653,848262.17,0,0
0,0,0,0,0,0,C-685663,Hydrochloric Acid,49653,8192745,0,0,0,0,0,44641,21756,3589740,0,0
0,0,0,0,0,0,C-684967,Hydrochloric Acid,49612,8185980,0,0,0,0,0,44642,25194,3898519.56,0,0
0,0,0,0,0,0,C-685233,Isopropyl Alcohol,52726,8158821.24,0,0,0,0,0,44643,897,68943.42,0,0
0,0,0,0,0,0,C-685143,Isopropyl Alcohol,52655,8147834.7,0,0,0,0,0,44644,7279,1126352.46,0,0
0,0,0,0,0,0,C-685057,Hydrochloric Acid,49248,8125920,0,0,0,0,0,44645,38638,1738710,0,0
0,0,0,0,0,0,C-685095,Isopropyl Alcohol,52231,8082224.94,0,0,0,0,0,44646,16353,2698245,0,0
0,0,0,0,0,0,C-685783,Hydrochloric Acid,48795,8051175,0,0,0,0,0,44647,49902,8233830,0,0
0,0,0,0,0,0,C-685837,Hydrochloric Acid,48463,7996395,0,0,0,0,0,44648,21032,3470280,0,0
0,0,0,0,0,0,C-685447,Hydrochloric Acid,48313,7971645,0,0,0,0,0,44649,28352,2179134.72,0,0
0,0,0,0,0,0,C-685111,Hydrochloric Acid,48286,7967190,0,0,0,0,0,44650,16984,1519388.64,0,0
0,0,0,0,0,0,C-684957,Isopropyl Alcohol,51412,7955492.88,0,0,0,0,0,44651,34046,1532070,0,0
0,0,0,0,0,0,C-685045,Hydrochloric Acid,47833,7892445,0,0,0,0,0,44652,39043,1756935,0,0
0,0,0,0,0,0,C-685489,Hydrochloric Acid,47601,7854165,0,0,0,0,0,44653,4604,353863.44,0,0
0,0,0,0,0,0,C-685225,Hydrochloric Acid,47579,7850535,0,0,0,0,0,44654,17921,2956965,0,0
0,0,0,0,0,0,C-685195,Hydrochloric Acid,46667,7700055,0,0,0,0,0,44655,19632,3239280,0,0
0,0,0,0,0,0,C-685705,Hydrochloric Acid,46133,7611945,0,0,0,0,0,44656,25798,4256670,0,0
0,0,0,0,0,0,C-685311,Isopropyl Alcohol,48731,7540634.94,0,0,0,0,0,44657,23722,2122170.12,0,0
0,0,0,0,0,0,C-685359,Isopropyl Alcohol,48651,7528255.74,0,0,0,0,0,44658,15388,890811.32,0,0
0,0,0,0,0,0,C-685153,Hydrochloric Acid,44863,7402395,0,0,0,0,0,44659,25994,2325423.24,0,0
0,0,0,0,0,0,C-685279,Hydrochloric Acid,44800,7392000,0,0,0,0,0,44660,48286,7967190,0,0
0,0,0,0,0,0,C-685119,Isopropyl Alcohol,47755,7389608.7,0,0,0,0,0,44661,11079,498555,0,0
0,0,0,0,0,0,C-685035,Isopropyl Alcohol,47511,7351852.14,0,0,0,0,0,44662,10359,1602951.66,0,0
0,0,0,0,0,0,C-685065,Isopropyl Alcohol,47112,7290110.88,0,0,0,0,0,44663,5454,245430,0,0
0,0,0,0,0,0,C-684981,Isopropyl Alcohol,46578,7207479.72,0,0,0,0,0,44664,59052,2657340,0,0
0,0,0,0,0,0,C-685263,Isopropyl Alcohol,46509,7196802.66,0,0,0,0,0,44665,57593,3334058.77,0,0
0,0,0,0,0,0,C-684969,Isopropyl Alcohol,46461,7189375.14,0,0,0,0,0,44666,30001,2683889.46,0,0
0,0,0,0,0,0,C-685249,Hydrochloric Acid,43555,7186575,0,0,0,0,0,44667,55412,8574452.88,0,0
0,0,0,0,0,0,C-685303,Hydrochloric Acid,43051,7103415,0,0,0,0,0,44668,45499,3497053.14,0,0
0,0,0,0,0,0,C-685869,Isopropyl Alcohol,45692,7070380.08,0,0,0,0,0,44669,36714,6057810,0,0
0,0,0,0,0,0,C-685665,Isopropyl Alcohol,45594,7055215.56,0,0,0,0,0,44670,12106,930467.16,0,0
0,0,0,0,0,0,C-685617,Isopropyl Alcohol,45422,7028600.28,0,0,0,0,0,44671,16378,948122.42,0,0
0,0,0,0,0,0,C-685951,Hydrochloric Acid,42453,7004745,0,0,0,0,0,44672,43164,3317585.04,0,0
0,0,0,0,0,0,C-685639,Hydrochloric Acid,42240,6969600,0,0,0,0,0,44673,26624,4119797.76,0,0
0,0,0,0,0,0,C-685875,Isopropyl Alcohol,45026,6967323.24,0,0,0,0,0,44674,49205,3781896.3,0,0
0,0,0,0,0,0,C-685579,Hydrochloric Acid,41855,6906075,0,0,0,0,0,44675,11113,500085,0,0
0,0,0,0,0,0,C-685413,Isopropyl Alcohol,44626,6905427.24,0,0,0,0,0,44676,37073,3316550.58,0,0
0,0,0,0,0,0,C-685269,Isopropyl Alcohol,44349,6862564.26,0,0,0,0,0,44677,18294,2830813.56,0,0
0,0,0,0,0,0,C-685305,Isopropyl Alcohol,44107,6825117.18,0,0,0,0,0,44678,57456,8890741.44,0,0
0,0,0,0,0,0,C-685443,Isopropyl Alcohol,44089,6822331.86,0,0,0,0,0,44679,50242,3861600.12,0,0
0,0,0,0,0,0,C-685621,Hydrochloric Acid,41340,6821100,0,0,0,0,0,44680,7383,660483.18,0,0
0,0,0,0,0,0,C-685407,Isopropyl Alcohol,44020,6811654.8,0,0,0,0,0,44681,52664,2369880,0,0
0,0,0,0,0,0,C-685677,Isopropyl Alcohol,43985,6806238.9,0,0,0,0,0,44682,2399,184387.14,0,0
0,0,0,0,0,0,C-685825,Hydrochloric Acid,41109,6782985,0,0,0,0,0,44683,48626,2814959.14,0,0
0,0,0,0,0,0,C-684991,Hydrochloric Acid,40810,6733650,0,0,0,0,0,44684,12031,924702.66,0,0
0,0,0,0,0,0,C-685509,Isopropyl Alcohol,43488,6729333.12,0,0,0,0,0,44685,8388,1297959.12,0,0
0,0,0,0,0,0,C-685081,Hydrochloric Acid,40554,6691410,0,0,0,0,0,44686,795,46022.55,0,0
0,0,0,0,0,0,C-685809,Isopropyl Alcohol,43197,6684303.78,0,0,0,0,0,44687,44863,7402395,0,0
0,0,0,0,0,0,C-685789,Hydrochloric Acid,40422,6669630,0,0,0,0,0,44688,50005,2894789.45,0,0
0,0,0,0,0,0,C-685947,Isopropyl Alcohol,43045,6660783.3,0,0,0,0,0,44689,59655,5336736.3,0,0
0,0,0,0,0,0,C-685285,Hydrochloric Acid,39935,6589275,0,0,0,0,0,44690,57406,8883004.44,0,0
0,0,0,0,0,0,C-685765,Hydrochloric Acid,39847,6574755,0,0,0,0,0,44691,19222,2974412.28,0,0
0,0,0,0,0,0,C-685647,Isopropyl Alcohol,41818,6470917.32,0,0,0,0,0,44692,23362,3854730,0,0
0,0,0,0,0,0,C-685597,Hydrochloric Acid,39112,6453480,0,0,0,0,0,44693,61983,5544999.18,0,0
0,0,0,0,0,0,C-685797,Isopropyl Alcohol,41629,6441671.46,0,0,0,0,0,44694,59563,9216778.62,0,0
0,0,0,0,0,0,C-685731,Isopropyl Alcohol,41623,6440743.02,0,0,0,0,0,44695,57313,9456645,0,0
0,0,0,0,0,0,C-685333,Hydrochloric Acid,39006,6435990,0,0,0,0,0,44696,31939,1437255,0,0
0,0,0,0,0,0,C-685353,Isopropyl Alcohol,41194,6374359.56,0,0,0,0,0,44697,34878,5397021.72,0,0
0,0,0,0,0,0,C-685945,Hydrochloric Acid,38529,6357285,0,0,0,0,0,44698,38725,5992306.5,0,0
0,0,0,0,0,0,C-685684,Glycol Ethers,69965,6259068.9,0,0,0,0,0,44699,35361,5471761.14,0,0
0,0,0,0,0,0,C-685324,Glycol Ethers,69863,6249943.98,0,0,0,0,0,44700,17873,2949045,0,0
0,0,0,0,0,0,C-685618,Glycol Ethers,69593,6225789.78,0,0,0,0,0,44701,24520,4045800,0,0
0,0,0,0,0,0,C-685821,Isopropyl Alcohol,40126,6209097.24,0,0,0,0,0,44702,60084,9297398.16,0,0
0,0,0,0,0,0,C-685018,Glycol Ethers,69236,6193852.56,0,0,0,0,0,44703,11719,1048381.74,0,0
0,0,0,0,0,0,C-685023,Isopropyl Alcohol,39871,6169638.54,0,0,0,0,0,44704,23441,2097031.86,0,0
0,0,0,0,0,0,C-685657,Hydrochloric Acid,36768,6066720,0,0,0,0,0,44705,20787,3216580.38,0,0
0,0,0,0,0,0,C-685615,Hydrochloric Acid,36738,6061770,0,0,0,0,0,44706,35638,2063083.82,0,0
0,0,0,0,0,0,C-685747,Hydrochloric Acid,36714,6057810,0,0,0,0,0,44707,13363,601335,0,0
0,0,0,0,0,0,C-684979,Hydrochloric Acid,36683,6052695,0,0,0,0,0,44708,4686,360165.96,0,0
0,0,0,0,0,0,C-685594,Glycol Ethers,67125,6005002.5,0,0,0,0,0,44709,15738,2596770,0,0
0,0,0,0,0,0,C-685570,Glycol Ethers,67116,6004197.36,0,0,0,0,0,44710,41340,6821100,0,0
0,0,0,0,0,0,C-685090,Glycol Ethers,67050,5998293,0,0,0,0,0,44711,44408,3413198.88,0,0
0,0,0,0,0,0,C-685600,Glycol Ethers,66998,5993641.08,0,0,0,0,0,44712,2198,127242.22,0,0
0,0,0,0,0,0,C-685059,Isopropyl Alcohol,38725,5992306.5,0,0,0,0,0,44713,43113,2495811.57,0,0
0,0,0,0,0,0,C-685108,Glycol Ethers,66897,5984605.62,0,0,0,0,0,44714,16442,1263732.12,0,0
0,0,0,0,0,0,C-685575,Isopropyl Alcohol,38595,5972190.3,0,0,0,0,0,44715,48139,3699963.54,0,0
0,0,0,0,0,0,C-685083,Isopropyl Alcohol,38477,5953930.98,0,0,0,0,0,44716,27957,1258065,0,0
0,0,0,0,0,0,C-685533,Isopropyl Alcohol,38218,5913853.32,0,0,0,0,0,44717,44626,6905427.24,0,0
0,0,0,0,0,0,C-685293,Isopropyl Alcohol,38146,5902712.04,0,0,0,0,0,44718,68578,10611759.72,0,0
0,0,0,0,0,0,C-685342,Glycol Ethers,65889,5894429.94,0,0,0,0,0,44719,55770,4989184.2,0,0
0,0,0,0,0,0,C-685017,Isopropyl Alcohol,38070,5890951.8,0,0,0,0,0,44720,26106,4307490,0,0
0,0,0,0,0,0,C-685642,Glycol Ethers,65702,5877700.92,0,0,0,0,0,44721,33316,2560667.76,0,0
0,0,0,0,0,0,C-685468,Glycol Ethers,64780,5795218.8,0,0,0,0,0,44722,69860,11526900,0,0
0,0,0,0,0,0,C-685383,Isopropyl Alcohol,37377,5783716.98,0,0,0,0,0,44723,62686,2820870,0,0
0,0,0,0,0,0,C-685537,Hydrochloric Acid,34917,5761305,0,0,0,0,0,44724,28660,1289700,0,0
0,0,0,0,0,0,C-685798,Glycol Ethers,64097,5734117.62,0,0,0,0,0,44725,35509,1597905,0,0
0,0,0,0,0,0,C-685366,Glycol Ethers,64062,5730986.52,0,0,0,0,0,44726,2196,339809.04,0,0
0,0,0,0,0,0,C-685348,Glycol Ethers,64018,5727050.28,0,0,0,0,0,44727,3329,192715.81,0,0
0,0,0,0,0,0,C-685431,Isopropyl Alcohol,36977,5721820.98,0,0,0,0,0,44728,18046,1044682.94,0,0
0,0,0,0,0,0,C-685036,Glycol Ethers,63926,5718819.96,0,0,0,0,0,44729,60241,2710845,0,0
0,0,0,0,0,0,C-685726,Glycol Ethers,63597,5689387.62,0,0,0,0,0,44730,25191,4156515,0,0
0,0,0,0,0,0,C-685546,Glycol Ethers,63531,5683483.26,0,0,0,0,0,44731,49937,4467364.02,0,0
0,0,0,0,0,0,C-685180,Glycol Ethers,63185,5652530.1,0,0,0,0,0,44732,29101,1309545,0,0
0,0,0,0,0,0,C-685699,Hydrochloric Acid,34200,5643000,0,0,0,0,0,44733,17197,1538443.62,0,0
0,0,0,0,0,0,C-685101,Isopropyl Alcohol,36454,5640891.96,0,0,0,0,0,44734,49960,8243400,0,0
0,0,0,0,0,0,C-685318,Glycol Ethers,62932,5629896.72,0,0,0,0,0,44735,50929,3914402.94,0,0
0,0,0,0,0,0,C-685341,Isopropyl Alcohol,36015,5572961.1,0,0,0,0,0,44736,36454,5640891.96,0,0
0,0,0,0,0,0,C-685282,Glycol Ethers,62245,5568437.7,0,0,0,0,0,44737,3961,229302.29,0,0
0,0,0,0,0,0,C-685000,Glycol Ethers,61983,5544999.18,0,0,0,0,0,44738,22291,1290425.99,0,0
0,0,0,0,0,0,C-685543,Hydrochloric Acid,33550,5535750,0,0,0,0,0,44739,38576,2964951.36,0,0
0,0,0,0,0,0,C-685267,Hydrochloric Acid,33439,5517435,0,0,0,0,0,44740,16493,954779.77,0,0
0,0,0,0,0,0,C-685851,Isopropyl Alcohol,35361,5471761.14,0,0,0,0,0,44741,49705,4446609.3,0,0
0,0,0,0,0,0,C-685021,Hydrochloric Acid,33137,5467605,0,0,0,0,0,44742,15359,1374016.14,0,0
0,0,0,0,0,0,C-685861,Hydrochloric Acid,33057,5454405,0,0,0,0,0,44743,56054,4308310.44,0,0
0,0,0,0,0,0,C-685323,Isopropyl Alcohol,35238,5452728.12,0,0,0,0,0,44744,57234,5120153.64,0,0
0,0,0,0,0,0,C-685810,Glycol Ethers,60519,5414029.74,0,0,0,0,0,44745,3556,205856.84,0,0
0,0,0,0,0,0,C-685216,Glycol Ethers,60417,5404904.82,0,0,0,0,0,44746,54018,8912970,0,0
0,0,0,0,0,0,C-685173,Isopropyl Alcohol,34919,5403366.06,0,0,0,0,0,44747,52276,4676610.96,0,0
0,0,0,0,0,0,C-685833,Isopropyl Alcohol,34878,5397021.72,0,0,0,0,0,44748,22500,1302525,0,0
0,0,0,0,0,0,C-685312,Glycol Ethers,59970,5364916.2,0,0,0,0,0,44749,54615,4885857.9,0,0
0,0,0,0,0,0,C-685288,Glycol Ethers,59839,5353196.94,0,0,0,0,0,44750,67072,3882798.08,0,0
0,0,0,0,0,0,C-685156,Glycol Ethers,59655,5336736.3,0,0,0,0,0,44751,41104,1849680,0,0
0,0,0,0,0,0,C-685738,Glycol Ethers,59191,5295226.86,0,0,0,0,0,44752,53178,2393010,0,0
0,0,0,0,0,0,C-685354,Glycol Ethers,59130,5289769.8,0,0,0,0,0,44753,11696,1929840,0,0
0,0,0,0,0,0,C-685614,Sodium Hydroxide,68588,5271673.68,0,0,0,0,0,44754,11359,873052.74,0,0
0,0,0,0,0,0,C-684994,Glycol Ethers,58910,5270088.6,0,0,0,0,0,44755,66316,10942140,0,0
0,0,0,0,0,0,C-685131,Isopropyl Alcohol,34004,5261778.96,0,0,0,0,0,44756,41279,3172703.94,0,0
0,0,0,0,0,0,C-685629,Isopropyl Alcohol,33962,5255279.88,0,0,0,0,0,44757,50846,2943474.94,0,0
0,0,0,0,0,0,C-685149,Isopropyl Alcohol,33634,5204525.16,0,0,0,0,0,44758,26189,2342867.94,0,0
0,0,0,0,0,0,C-685840,Glycol Ethers,58170,5203888.2,0,0,0,0,0,44759,29530,4872450,0,0
0,0,0,0,0,0,C-685138,Glycol Ethers,57541,5147617.86,0,0,0,0,0,44760,31079,5128035,0,0
0,0,0,0,0,0,C-685345,Hydrochloric Acid,31079,5128035,0,0,0,0,0,44761,18940,3125100,0,0
0,0,0,0,0,0,0,0,0,0,0,0,0,0,0,44762,12434,955677.24,0,0
0,0,0,0,0,0,0,0,0,0,0,0,0,0,0,44763,2366,390390,0,0
0,0,0,0,0,0,0,0,0,0,0,0,0,0,0,44764,26006,4290990,0,0
0,0,0,0,0,0,0,0,0,0,0,0,0,0,0,44765,55400,8572596,0,0
0,0,0,0,0,0,0,0,0,0,0,0,0,0,0,44766,1646,254702.04,0,0
0,0,0,0,0,0,0,0,0,0,0,0,0,0,0,44767,19163,3161895,0,0
0,0,0,0,0,0,0,0,0,0,0,0,0,0,0,44768,28452,2186820.72,0,0
0,0,0,0,0,0,0,0,0,0,0,0,0,0,0,44769,46796,3596740.56,0,0
0,0,0,0,0,0,0,0,0,0,0,0,0,0,0,44770,21810,3374879.4,0,0
0,0,0,0,0,0,0,0,0,0,0,0,0,0,0,44771,33634,5204525.16,0,0
0,0,0,0,0,0,0,0,0,0,0,0,0,0,0,44772,43555,7186575,0,0
0,0,0,0,0,0,0,0,0,0,0,0,0,0,0,44773,42240,6969600,0,0
0,0,0,0,0,0,0,0,0,0,0,0,0,0,0,44774,5464,901560,0,0
0,0,0,0,0,0,0,0,0,0,0,0,0,0,0,44775,51204,8448660,0,0
0,0,0,0,0,0,0,0,0,0,0,0,0,0,0,44776,51864,3986267.04,0,0
0,0,0,0,0,0,0,0,0,0,0,0,0,0,0,44777,36683,6052695,0,0
0,0,0,0,0,0,0,0,0,0,0,0,0,0,0,44778,45810,3520956.6,0,0
0,0,0,0,0,0,0,0,0,0,0,0,0,0,0,44779,31425,2811280.5,0,0
0,0,0,0,0,0,0,0,0,0,0,0,0,0,0,44780,19205,2971781.7,0,0
0,0,0,0,0,0,0,0,0,0,0,0,0,0,0,44781,50396,4508426.16,0,0
0,0,0,0,0,0,0,0,0,0,0,0,0,0,0,44782,13425,1031845.5,0,0
0,0,0,0,0,0,0,0,0,0,0,0,0,0,0,44783,27670,1245150,0,0
0,0,0,0,0,0,0,0,0,0,0,0,0,0,0,44784,48651,7528255.74,0,0
0,0,0,0,0,0,0,0,0,0,0,0,0,0,0,44785,15492,2397232.08,0,0
0,0,0,0,0,0,0,0,0,0,0,0,0,0,0,44786,3469,156105,0,0
0,0,0,0,0,0,0,0,0,0,0,0,0,0,0,44787,6459,373911.51,0,0
0,0,0,0,0,0,0,0,0,0,0,0,0,0,0,44788,295,17077.55,0,0
0,0,0,0,0,0,0,0,0,0,0,0,0,0,0,44789,52726,8158821.24,0,0
0,0,0,0,0,0,0,0,0,0,0,0,0,0,0,44790,15062,677790,0,0
0,0,0,0,0,0,0,0,0,0,0,0,0,0,0,44791,19329,1485626.94,0,0
0,0,0,0,0,0,0,0,0,0,0,0,0,0,0,44792,13468,1204847.28,0,0
0,0,0,0,0,0,0,0,0,0,0,0,0,0,0,44793,22387,1007415,0,0
0,0,0,0,0,0,0,0,0,0,0,0,0,0,0,44794,13054,2019975.96,0,0
0,0,0,0,0,0,0,0,0,0,0,0,0,0,0,44795,7583,582829.38,0,0
0,0,0,0,0,0,0,0,0,0,0,0,0,0,0,44796,25099,1129455,0,0
0,0,0,0,0,0,0,0,0,0,0,0,0,0,0,44797,39871,6169638.54,0,0
0,0,0,0,0,0,0,0,0,0,0,0,0,0,0,44798,58910,5270088.6,0,0
0,0,0,0,0,0,0,0,0,0,0,0,0,0,0,44799,3613,209156.57,0,0
0,0,0,0,0,0,0,0,0,0,0,0,0,0,0,44800,13298,769821.22,0,0
0,0,0,0,0,0,0,0,0,0,0,0,0,0,0,44801,2029,117458.81,0,0
0,0,0,0,0,0,0,0,0,0,0,0,0,0,0,44802,27762,4580730,0,0
0,0,0,0,0,0,0,0,0,0,0,0,0,0,0,44803,45492,3496515.12,0,0
0,0,0,0,0,0,0,0,0,0,0,0,0,0,0,44804,11690,526050,0,0
0,0,0,0,0,0,0,0,0,0,0,0,0,0,0,44805,56240,2530800,0,0
0,0,0,0,0,0,0,0,0,0,0,0,0,0,0,44806,67880,3929573.2,0,0
0,0,0,0,0,0,0,0,0,0,0,0,0,0,0,44807,40126,6209097.24,0,0
0,0,0,0,0,0,0,0,0,0,0,0,0,0,0,44808,5100,229500,0,0
0,0,0,0,0,0,0,0,0,0,0,0,0,0,0,44809,57815,4443660.9,0,0
0,0,0,0,0,0,0,0,0,0,0,0,0,0,0,44810,37404,2165317.56,0,0
0,0,0,0,0,0,0,0,0,0,0,0,0,0,0,44811,47601,7854165,0,0
0,0,0,0,0,0,0,0,0,0,0,0,0,0,0,44812,1945,300969.3,0,0
0,0,0,0,0,0,0,0,0,0,0,0,0,0,0,44813,2821,163307.69,0,0
0,0,0,0,0,0,0,0,0,0,0,0,0,0,0,44814,15689,2427715.86,0,0
0,0,0,0,0,0,0,0,0,0,0,0,0,0,0,44815,10855,1679702.7,0,0
0,0,0,0,0,0,0,0,0,0,0,0,0,0,0,44816,33124,2545910.64,0,0
0,0,0,0,0,0,0,0,0,0,0,0,0,0,0,44817,57471,4417221.06,0,0
0,0,0,0,0,0,0,0,0,0,0,0,0,0,0,44818,25285,2261996.09999999,0,0
0,0,0,0,0,0,0,0,0,0,0,0,0,0,0,44819,63469,2856105,0,0
0,0,0,0,0,0,0,0,0,0,0,0,0,0,0,44820,40470,3620446.19999999,0,0
0,0,0,0,0,0,0,0,0,0,0,0,0,0,0,44821,53245,4092410.7,0,0
0,0,0,0,0,0,0,0,0,0,0,0,0,0,0,44822,12624,2082960,0,0
0,0,0,0,0,0,0,0,0,0,0,0,0,0,0,44823,56263,3257065.07,0,0
0,0,0,0,0,0,0,0,0,0,0,0,0,0,0,44824,6997,405056.33,0,0
0,0,0,0,0,0,0,0,0,0,0,0,0,0,0,44825,27092,4470180,0,0
0,0,0,0,0,0,0,0,0,0,0,0,0,0,0,44826,45692,7070380.08,0,0
0,0,0,0,0,0,0,0,0,0,0,0,0,0,0,44827,57619,2592855,0,0
0,0,0,0,0,0,0,0,0,0,0,0,0,0,0,44828,11564,1789413.36,0,0
0,0,0,0,0,0,0,0,0,0,0,0,0,0,0,44829,59257,4554493.02,0,0
0,0,0,0,0,0,0,0,0,0,0,0,0,0,0,44830,7950,611037,0,0
0,0,0,0,0,0,0,0,0,0,0,0,0,0,0,44831,53723,2417535,0,0
0,0,0,0,0,0,0,0,0,0,0,0,0,0,0,44832,63185,5652530.1,0,0
0,0,0,0,0,0,0,0,0,0,0,0,0,0,0,44833,56000,3241840,0,0
0,0,0,0,0,0,0,0,0,0,0,0,0,0,0,44834,17496,2707331.04,0,0
0,0,0,0,0,0,0,0,0,0,0,0,0,0,0,44835,35508,3176545.67999999,0,0
0,0,0,0,0,0,0,0,0,0,0,0,0,0,0,44836,38900,2989854,0,0
0,0,0,0,0,0,0,0,0,0,0,0,0,0,0,44837,20601,3399165,0,0
0,0,0,0,0,0,0,0,0,0,0,0,0,0,0,44838,69964,4050215.96,0,0
0,0,0,0,0,0,0,0,0,0,0,0,0,0,0,44839,8855,512615.95,0,0
0,0,0,0,0,0,0,0,0,0,0,0,0,0,0,44840,3252,536580,0,0
0,0,0,0,0,0,0,0,0,0,0,0,0,0,0,44841,59966,2698470,0,0
0,0,0,0,0,0,0,0,0,0,0,0,0,0,0,44842,6094,352781.66,0,0
0,0,0,0,0,0,0,0,0,0,0,0,0,0,0,44843,13596,2243340,0,0
0,0,0,0,0,0,0,0,0,0,0,0,0,0,0,44844,36164,2779565.04,0,0
0,0,0,0,0,0,0,0,0,0,0,0,0,0,0,44845,64061,10570065,0,0
0,0,0,0,0,0,0,0,0,0,0,0,0,0,0,44846,52166,3019889.74,0,0
0,0,0,0,0,0,0,0,0,0,0,0,0,0,0,44847,31072,2779701.11999999,0,0
0,0,0,0,0,0,0,0,0,0,0,0,0,0,0,44848,20763,3425895,0,0
0,0,0,0,0,0,0,0,0,0,0,0,0,0,0,44849,29989,2682815.94,0,0
0,0,0,0,0,0,0,0,0,0,0,0,0,0,0,44850,16274,2518238.76,0,0
0,0,0,0,0,0,0,0,0,0,0,0,0,0,0,44851,62160,2797200,0,0
0,0,0,0,0,0,0,0,0,0,0,0,0,0,0,44852,47745,3669680.7,0,0
0,0,0,0,0,0,0,0,0,0,0,0,0,0,0,44853,64500,10642500,0,0
0,0,0,0,0,0,0,0,0,0,0,0,0,0,0,44854,69965,6259068.89999999,0,0
0,0,0,0,0,0,0,0,0,0,0,0,0,0,0,44855,10825,1786125,0,0
0,0,0,0,0,0,0,0,0,0,0,0,0,0,0,44856,19821,1773186.66,0,0
0,0,0,0,0,0,0,0,0,0,0,0,0,0,0,44857,46578,7207479.72,0,0
0,0,0,0,0,0,0,0,0,0,0,0,0,0,0,44858,24072,1083240,0,0
0,0,0,0,0,0,0,0,0,0,0,0,0,0,0,44859,9569,1578885,0,0
0,0,0,0,0,0,0,0,0,0,0,0,0,0,0,44860,33524,2576654.64,0,0
0,0,0,0,0,0,0,0,0,0,0,0,0,0,0,44861,40595,3120131.7,0,0
0,0,0,0,0,0,0,0,0,0,0,0,0,0,0,44862,63597,5689387.61999999,0,0
0,0,0,0,0,0,0,0,0,0,0,0,0,0,0,44863,44107,6825117.18,0,0
0,0,0,0,0,0,0,0,0,0,0,0,0,0,0,44864,48731,7540634.94,0,0
0,0,0,0,0,0,0,0,0,0,0,0,0,0,0,44865,26538,2039710.68,0,0
0,0,0,0,0,0,0,0,0,0,0,0,0,0,0,44866,65478,10803870,0,0
0,0,0,0,0,0,0,0,0,0,0,0,0,0,0,44867,25837,4263105,0,0
0,0,0,0,0,0,0,0,0,0,0,0,0,0,0,44868,6777,1048672.98,0,0
0,0,0,0,0,0,0,0,0,0,0,0,0,0,0,44869,42985,3845438.09999999,0,0
0,0,0,0,0,0,0,0,0,0,0,0,0,0,0,44870,7951,711296.46,0,0
0,0,0,0,0,0,0,0,0,0,0,0,0,0,0,44871,33789,2597022.54,0,0
0,0,0,0,0,0,0,0,0,0,0,0,0,0,0,44872,3969,614163.06,0,0
0,0,0,0,0,0,0,0,0,0,0,0,0,0,0,44873,38070,5890951.8,0,0
0,0,0,0,0,0,0,0,0,0,0,0,0,0,0,44874,19128,1711190.88,0,0
0,0,0,0,0,0,0,0,0,0,0,0,0,0,0,44875,46491,4159084.86,0,0
0,0,0,0,0,0,0,0,0,0,0,0,0,0,0,44876,17775,1590151.5,0,0
0,0,0,0,0,0,0,0,0,0,0,0,0,0,0,44877,40422,6669630,0,0
0,0,0,0,0,0,0,0,0,0,0,0,0,0,0,44878,23048,3566447.52,0,0
0,0,0,0,0,0,0,0,0,0,0,0,0,0,0,44879,65306,10775490,0,0
0,0,0,0,0,0,0,0,0,0,0,0,0,0,0,44880,11160,502200,0,0
0,0,0,0,0,0,0,0,0,0,0,0,0,0,0,44881,39847,6574755,0,0
0,0,0,0,0,0,0,0,0,0,0,0,0,0,0,44882,15019,2478135,0,0
0,0,0,0,0,0,0,0,0,0,0,0,0,0,0,44883,62895,9732372.3,0,0
0,0,0,0,0,0,0,0,0,0,0,0,0,0,0,44884,33633,1947014.37,0,0
0,0,0,0,0,0,0,0,0,0,0,0,0,0,0,44885,31954,1437930,0,0
0,0,0,0,0,0,0,0,0,0,0,0,0,0,0,44886,58170,5203888.19999999,0,0
0,0,0,0,0,0,0,0,0,0,0,0,0,0,0,44887,67367,3899875.63,0,0
0,0,0,0,0,0,0,0,0,0,0,0,0,0,0,44888,1208,69931.12,0,0
0,0,0,0,0,0,0,0,0,0,0,0,0,0,0,44889,46375,4148707.49999999,0,0
0,0,0,0,0,0,0,0,0,0,0,0,0,0,0,44890,15526,1388955.96,0,0
0,0,0,0,0,0,0,0,0,0,0,0,0,0,0,44891,21216,1897983.35999999,0,0
0,0,0,0,0,0,0,0,0,0,0,0,0,0,0,44892,14516,653220,0,0
0,0,0,0,0,0,0,0,0,0,0,0,0,0,0,44893,45259,2620043.51,0,0
0,0,0,0,0,0,0,0,0,0,0,0,0,0,0,44894,2724,209366.639999999,0,0
0,0,0,0,0,0,0,0,0,0,0,0,0,0,0,44895,29078,1683325.42,0,0
0,0,0,0,0,0,0,0,0,0,0,0,0,0,0,44896,29179,4515158.46,0,0
0,0,0,0,0,0,0,0,0,0,0,0,0,0,0,44897,22491,1012095,0,0
0,0,0,0,0,0,0,0,0,0,0,0,0,0,0,44898,34392,2643369.12,0,0
0,0,0,0,0,0,0,0,0,0,0,0,0,0,0,44899,66552,5115186.72,0,0
0,0,0,0,0,0,0,0,0,0,0,0,0,0,0,44900,26025,1506587.25,0,0
0,0,0,0,0,0,0,0,0,0,0,0,0,0,0,44901,21869,1680851.34,0,0
0,0,0,0,0,0,0,0,0,0,0,0,0,0,0,44902,55737,4283945.82,0,0
0,0,0,0,0,0,0,0,0,0,0,0,0,0,0,44903,65256,2936520,0,0
0,0,0,0,0,0,0,0,0,0,0,0,0,0,0,44904,6911,1140315,0,0
0,0,0,0,0,0,0,0,0,0,0,0,0,0,0,44905,2906,259970.759999999,0,0
0,0,0,0,0,0,0,0,0,0,0,0,0,0,0,44906,58920,2651400,0,0
0,0,0,0,0,0,0,0,0,0,0,0,0,0,0,44907,2406,396990,0,0
0,0,0,0,0,0,0,0,0,0,0,0,0,0,0,44908,51013,2953142.57,0,0
0,0,0,0,0,0,0,0,0,0,0,0,0,0,0,44909,11089,1715911.86,0,0
0,0,0,0,0,0,0,0,0,0,0,0,0,0,0,44910,37377,5783716.98,0,0
0,0,0,0,0,0,0,0,0,0,0,0,0,0,0,44911,54490,4874675.39999999,0,0
0,0,0,0,0,0,0,0,0,0,0,0,0,0,0,44912,7660,1185308.4,0,0
0,0,0,0,0,0,0,0,0,0,0,0,0,0,0,44913,868,50248.52,0,0
0,0,0,0,0,0,0,0,0,0,0,0,0,0,0,44914,44089,6822331.86,0,0
0,0,0,0,0,0,0,0,0,0,0,0,0,0,0,44915,54547,9000255,0,0
0,0,0,0,0,0,0,0,0,0,0,0,0,0,0,44916,30334,1365030,0,0
0,0,0,0,0,0,0,0,0,0,0,0,0,0,0,44917,39267,1767015,0,0
0,0,0,0,0,0,0,0,0,0,0,0,0,0,0,44918,46461,7189375.14,0,0
0,0,0,0,0,0,0,0,0,0,0,0,0,0,0,44919,62326,4790376.36,0,0
0,0,0,0,0,0,0,0,0,0,0,0,0,0,0,44920,66102,10228623.48,0,0
0,0,0,0,0,0,0,0,0,0,0,0,0,0,0,44921,59285,2667825,0,0
0,0,0,0,0,0,0,0,0,0,0,0,0,0,0,44922,767,126555,0,0
0,0,0,0,0,0,0,0,0,0,0,0,0,0,0,44923,68860,3986305.4,0,0
0,0,0,0,0,0,0,0,0,0,0,0,0,0,0,44924,1479,228860.46,0,0
0,0,0,0,0,0,0,0,0,0,0,0,0,0,0,44925,63926,5718819.96,0,0
0,0,0,0,0,0,0,0,0,0,0,0,0,0,0,44926,55397,9140505,0,0
0,0,0,0,0,0,0,0,0,0,0,0,0,0,0,44927,44120,1985400,0,0
0,0,0,0,0,0,0,0,0,0,0,0,0,0,0,44928,66544,10979760,0,0
0,0,0,0,0,0,0,0,0,0,0,0,0,0,0,44929,31699,1426455,0,0
0,0,0,0,0,0,0,0,0,0,0,0,0,0,0,44930,7844,454089.16,0,0
0,0,0,0,0,0,0,0,0,0,0,0,0,0,0,44931,5824,262080,0,0
0,0,0,0,0,0,0,0,0,0,0,0,0,0,0,44932,5174,800624.76,0,0
0,0,0,0,0,0,0,0,0,0,0,0,0,0,0,44933,41109,6782985,0,0
0,0,0,0,0,0,0,0,0,0,0,0,0,0,0,44934,27551,1239795,0,0
0,0,0,0,0,0,0,0,0,0,0,0,0,0,0,44935,68485,11300025,0,0
0,0,0,0,0,0,0,0,0,0,0,0,0,0,0,44936,17863,1034089.07,0,0
0,0,0,0,0,0,0,0,0,0,0,0,0,0,0,44937,38817,1746765,0,0
0,0,0,0,0,0,0,0,0,0,0,0,0,0,0,44938,3974,230054.86,0,0
0,0,0,0,0,0,0,0,0,0,0,0,0,0,0,44939,68413,3078585,0,0
0,0,0,0,0,0,0,0,0,0,0,0,0,0,0,44940,63454,4877074.44,0,0
0,0,0,0,0,0,0,0,0,0,0,0,0,0,0,44941,45208,4044307.67999999,0,0
0,0,0,0,0,0,0,0,0,0,0,0,0,0,0,44942,63413,9812527.62,0,0
0,0,0,0,0,0,0,0,0,0,0,0,0,0,0,44943,48463,7996395,0,0
0,0,0,0,0,0,0,0,0,0,0,0,0,0,0,44944,58027,4459955.22,0,0
0,0,0,0,0,0,0,0,0,0,0,0,0,0,0,44945,9993,768061.98,0,0
0,0,0,0,0,0,0,0,0,0,0,0,0,0,0,44946,25888,4271520,0,0
0,0,0,0,0,0,0,0,0,0,0,0,0,0,0,44947,55979,8662190.46,0,0
0,0,0,0,0,0,0,0,0,0,0,0,0,0,0,44948,29782,1724079.98,0,0
0,0,0,0,0,0,0,0,0,0,0,0,0,0,0,44949,17480,786600,0,0
0,0,0,0,0,0,0,0,0,0,0,0,0,0,0,44950,69863,6249943.97999999,0,0
0,0,0,0,0,0,0,0,0,0,0,0,0,0,0,44951,46140,4127684.4,0,0
0,0,0,0,0,0,0,0,0,0,0,0,0,0,0,44952,22365,1006425,0,0
0,0,0,0,0,0,0,0,0,0,0,0,0,0,0,44953,37264,1676880,0,0
0,0,0,0,0,0,0,0,0,0,0,0,0,0,0,44954,42157,2440468.73,0,0
0,0,0,0,0,0,0,0,0,0,0,0,0,0,0,44955,26933,1559151.37,0,0
0,0,0,0,0,0,0,0,0,0,0,0,0,0,0,44956,40217,3091078.62,0,0
0,0,0,0,0,0,0,0,0,0,0,0,0,0,0,44957,63987,2879415,0,0
0,0,0,0,0,0,0,0,0,0,0,0,0,0,0,44958,37627,2892011.22,0,0
0,0,0,0,0,0,0,0,0,0,0,0,0,0,0,44959,13774,797376.86,0,0
0,0,0,0,0,0,0,0,0,0,0,0,0,0,0,44960,52655,8147834.7,0,0
0,0,0,0,0,0,0,0,0,0,0,0,0,0,0,44961,24889,3851323.86,0,0
0,0,0,0,0,0,0,0,0,0,0,0,0,0,0,44962,37104,2147950.56,0,0
0,0,0,0,0,0,0,0,0,0,0,0,0,0,0,44963,12869,1151260.74,0,0
0,0,0,0,0,0,0,0,0,0,0,0,0,0,0,44964,13924,626580,0,0
0,0,0,0,0,0,0,0,0,0,0,0,0,0,0,44965,64067,4924189.62,0,0
0,0,0,0,0,0,0,0,0,0,0,0,0,0,0,44966,32366,2487650.76,0,0
0,0,0,0,0,0,0,0,0,0,0,0,0,0,0,44967,16514,2555376.36,0,0
0,0,0,0,0,0,0,0,0,0,0,0,0,0,0,44968,31350,1814851.5,0,0
0,0,0,0,0,0,0,0,0,0,0,0,0,0,0,44969,3031,500115,0,0
0,0,0,0,0,0,0,0,0,0,0,0,0,0,0,44970,1482,113906.52,0,0
0,0,0,0,0,0,0,0,0,0,0,0,0,0,0,44971,68588,5271673.68,0,0
0,0,0,0,0,0,0,0,0,0,0,0,0,0,0,44972,43488,6729333.12,0,0
0,0,0,0,0,0,0,0,0,0,0,0,0,0,0,44973,21336,3301532.64,0,0
0,0,0,0,0,0,0,0,0,0,0,0,0,0,0,44974,67010,3879208.9,0,0
0,0,0,0,0,0,0,0,0,0,0,0,0,0,0,44975,59869,9878385,0,0
0,0,0,0,0,0,0,0,0,0,0,0,0,0,0,44976,68109,3064905,0,0
0,0,0,0,0,0,0,0,0,0,0,0,0,0,0,44977,57122,4390396.92,0,0
0,0,0,0,0,0,0,0,0,0,0,0,0,0,0,44978,69236,6193852.56,0,0
0,0,0,0,0,0,0,0,0,0,0,0,0,0,0,44979,30755,1780406.95,0,0
0,0,0,0,0,0,0,0,0,0,0,0,0,0,0,44980,839,75056.9399999999,0,0
0,0,0,0,0,0,0,0,0,0,0,0,0,0,0,44981,66253,10251989.22,0,0
0,0,0,0,0,0,0,0,0,0,0,0,0,0,0,44982,67125,6005002.5,0,0
0,0,0,0,0,0,0,0,0,0,0,0,0,0,0,44983,63376,10457040,0,0
0,0,0,0,0,0,0,0,0,0,0,0,0,0,0,44984,61564,10158060,0,0
0,0,0,0,0,0,0,0,0,0,0,0,0,0,0,44985,44333,3966030.17999999,0,0
0,0,0,0,0,0,0,0,0,0,0,0,0,0,0,44986,51219,8451135,0,0
0,0,0,0,0,0,0,0,0,0,0,0,0,0,0,44987,69481,4022255.09,0,0
0,0,0,0,0,0,0,0,0,0,0,0,0,0,0,44988,61939,2787255,0,0
0,0,0,0,0,0,0,0,0,0,0,0,0,0,0,44989,2679,414548.46,0,0
0,0,0,0,0,0,0,0,0,0,0,0,0,0,0,44990,65627,10155121.98,0,0
0,0,0,0,0,0,0,0,0,0,0,0,0,0,0,44991,63753,3690661.17,0,0
0,0,0,0,0,0,0,0,0,0,0,0,0,0,0,44992,39040,3492518.4,0,0
0,0,0,0,0,0,0,0,0,0,0,0,0,0,0,44993,49548,2868333.72,0,0
0,0,0,0,0,0,0,0,0,0,0,0,0,0,0,44994,63531,5683483.26,0,0
0,0,0,0,0,0,0,0,0,0,0,0,0,0,0,44995,42263,3248334.18,0,0
0,0,0,0,0,0,0,0,0,0,0,0,0,0,0,44996,64115,10578975,0,0
0,0,0,0,0,0,0,0,0,0,0,0,0,0,0,44997,7635,1181439.9,0,0
0,0,0,0,0,0,0,0,0,0,0,0,0,0,0,44998,23310,2085312.59999999,0,0
0,0,0,0,0,0,0,0,0,0,0,0,0,0,0,44999,68247,11260755,0,0
0,0,0,0,0,0,0,0,0,0,0,0,0,0,0,45000,13732,1228464.72,0,0
0,0,0,0,0,0,0,0,0,0,0,0,0,0,0,45001,995,76475.7,0,0
0,0,0,0,0,0,0,0,0,0,0,0,0,0,0,45002,13797,1234279.61999999,0,0
0,0,0,0,0,0,0,0,0,0,0,0,0,0,0,45003,32517,2499256.62,0,0
0,0,0,0,0,0,0,0,0,0,0,0,0,0,0,45004,56145,5022731.69999999,0,0
0,0,0,0,0,0,0,0,0,0,0,0,0,0,0,45005,54558,4880758.68,0,0
0,0,0,0,0,0,0,0,0,0,0,0,0,0,0,45006,10726,1659741.24,0,0
0,0,0,0,0,0,0,0,0,0,0,0,0,0,0,45007,44942,2601692.38,0,0
0,0,0,0,0,0,0,0,0,0,0,0,0,0,0,45008,22568,2018933.27999999,0,0
0,0,0,0,0,0,0,0,0,0,0,0,0,0,0,45009,43051,7103415,0,0
0,0,0,0,0,0,0,0,0,0,0,0,0,0,0,45010,28351,1641239.39,0,0
0,0,0,0,0,0,0,0,0,0,0,0,0,0,0,45011,10882,1683880.68,0,0
0,0,0,0,0,0,0,0,0,0,0,0,0,0,0,45012,32690,1471050,0,0
0,0,0,0,0,0,0,0,0,0,0,0,0,0,0,45013,9603,555917.67,0,0
0,0,0,0,0,0,0,0,0,0,0,0,0,0,0,45014,34921,2684028.06,0,0
0,0,0,0,0,0,0,0,0,0,0,0,0,0,0,45015,40810,6733650,0,0
0,0,0,0,0,0,0,0,0,0,0,0,0,0,0,45016,8320,374400,0,0
0,0,0,0,0,0,0,0,0,0,0,0,0,0,0,45017,45714,3513578.04,0,0
0,0,0,0,0,0,0,0,0,0,0,0,0,0,0,45018,50565,2927207.85,0,0
0,0,0,0,0,0,0,0,0,0,0,0,0,0,0,45019,9877,444465,0,0
0,0,0,0,0,0,0,0,0,0,0,0,0,0,0,45020,35238,5452728.12,0,0
0,0,0,0,0,0,0,0,0,0,0,0,0,0,0,45021,59839,5353196.93999999,0,0
0,0,0,0,0,0,0,0,0,0,0,0,0,0,0,45022,21574,1658177.64,0,0
0,0,0,0,0,0,0,0,0,0,0,0,0,0,0,45023,2146,96570,0,0
0,0,0,0,0,0,0,0,0,0,0,0,0,0,0,45024,33558,1942672.62,0,0
0,0,0,0,0,0,0,0,0,0,0,0,0,0,0,45025,36738,6061770,0,0
0,0,0,0,0,0,0,0,0,0,0,0,0,0,0,45026,29944,4940760,0,0
0,0,0,0,0,0,0,0,0,0,0,0,0,0,0,45027,16123,933360.47,0,0
0,0,0,0,0,0,0,0,0,0,0,0,0,0,0,45028,51412,7955492.88,0,0
0,0,0,0,0,0,0,0,0,0,0,0,0,0,0,45029,20579,1840997.33999999,0,0
0,0,0,0,0,0,0,0,0,0,0,0,0,0,0,45030,36768,6066720,0,0
0,0,0,0,0,0,0,0,0,0,0,0,0,0,0,45031,26697,4131093.78,0,0
0,0,0,0,0,0,0,0,0,0,0,0,0,0,0,45032,62666,2819970,0,0
0,0,0,0,0,0,0,0,0,0,0,0,0,0,0,45033,36977,5721820.98,0,0
0,0,0,0,0,0,0,0,0,0,0,0,0,0,0,45034,37954,3395364.84,0,0
0,0,0,0,0,0,0,0,0,0,0,0,0,0,0,45035,34200,5643000,0,0
0,0,0,0,0,0,0,0,0,0,0,0,0,0,0,45036,54716,9028140,0,0
0,0,0,0,0,0,0,0,0,0,0,0,0,0,0,45037,19329,2990969.46,0,0
0,0,0,0,0,0,0,0,0,0,0,0,0,0,0,45038,52758,3054160.62,0,0
0,0,0,0,0,0,0,0,0,0,0,0,0,0,0,45039,52857,4062589.02,0,0
0,0,0,0,0,0,0,0,0,0,0,0,0,0,0,45040,51082,3926162.52,0,0
0,0,0,0,0,0,0,0,0,0,0,0,0,0,0,45041,49605,2232225,0,0
0,0,0,0,0,0,0,0,0,0,0,0,0,0,0,45042,1534,137231.639999999,0,0
0,0,0,0,0,0,0,0,0,0,0,0,0,0,0,45043,65901,5065150.86,0,0
0,0,0,0,0,0,0,0,0,0,0,0,0,0,0,45044,15552,900305.28,0,0
0,0,0,0,0,0,0,0,0,0,0,0,0,0,0,45045,63925,10547625,0,0
0,0,0,0,0,0,0,0,0,0,0,0,0,0,0,45046,59191,5295226.85999999,0,0
0,0,0,0,0,0,0,0,0,0,0,0,0,0,0,45047,44800,7392000,0,0
0,0,0,0,0,0,0,0,0,0,0,0,0,0,0,45048,6604,382305.56,0,0
0,0,0,0,0,0,0,0,0,0,0,0,0,0,0,45049,24126,3733257.24,0,0
0,0,0,0,0,0,0,0,0,0,0,0,0,0,0,45050,58180,3368040.2,0,0
0,0,0,0,0,0,0,0,0,0,0,0,0,0,0,45051,57814,4443584.04,0,0
0,0,0,0,0,0,0,0,0,0,0,0,0,0,0,45052,36015,5572961.1,0,0
0,0,0,0,0,0,0,0,0,0,0,0,0,0,0,45053,64018,5727050.27999999,0,0
0,0,0,0,0,0,0,0,0,0,0,0,0,0,0,45054,61424,4721048.64,0,0
0,0,0,0,0,0,0,0,0,0,0,0,0,0,0,45055,56399,9305835,0,0
0,0,0,0,0,0,0,0,0,0,0,0,0,0,0,45056,30962,1792390.18,0,0
0,0,0,0,0,0,0,0,0,0,0,0,0,0,0,45057,48313,7971645,0,0
0,0,0,0,0,0,0,0,0,0,0,0,0,0,0,45058,52231,4672585.26,0,0
0,0,0,0,0,0,0,0,0,0,0,0,0,0,0,45059,69105,3109725,0,0
0,0,0,0,0,0,0,0,0,0,0,0,0,0,0,45060,49653,8192745,0,0
0,0,0,0,0,0,0,0,0,0,0,0,0,0,0,45061,9373,542602.97,0,0
0,0,0,0,0,0,0,0,0,0,0,0,0,0,0,45062,3033,271332.18,0,0
0,0,0,0,0,0,0,0,0,0,0,0,0,0,0,45063,238,21291.48,0,0
0,0,0,0,0,0,0,0,0,0,0,0,0,0,0,45064,46443,2688585.27,0,0
0,0,0,0,0,0,0,0,0,0,0,0,0,0,0,45065,61089,2749005,0,0
0,0,0,0,0,0,0,0,0,0,0,0,0,0,0,45066,21349,1640884.14,0,0
0,0,0,0,0,0,0,0,0,0,0,0,0,0,0,45067,28811,1296495,0,0
0,0,0,0,0,0,0,0,0,0,0,0,0,0,0,45068,1077,166654.98,0,0
0,0,0,0,0,0,0,0,0,0,0,0,0,0,0,45069,10459,1618425.66,0,0
0,0,0,0,0,0,0,0,0,0,0,0,0,0,0,45070,5092,787936.08,0,0
0,0,0,0,0,0,0,0,0,0,0,0,0,0,0,45071,22312,3681480,0,0
0,0,0,0,0,0,0,0,0,0,0,0,0,0,0,45072,37415,3347145.9,0,0
0,0,0,0,0,0,0,0,0,0,0,0,0,0,0,45073,9596,555512.44,0,0
0,0,0,0,0,0,0,0,0,0,0,0,0,0,0,45074,41623,6440743.02,0,0
0,0,0,0,0,0,0,0,0,0,0,0,0,0,0,45075,7134,1177110,0,0
0,0,0,0,0,0,0,0,0,0,0,0,0,0,0,45076,2621,151729.69,0,0
0,0,0,0,0,0,0,0,0,0,0,0,0,0,0,45077,62259,10272735,0,0
0,0,0,0,0,0,0,0,0,0,0,0,0,0,0,45078,29336,2624398.55999999,0,0
0,0,0,0,0,0,0,0,0,0,0,0,0,0,0,45079,15907,1423040.22,0,0
0,0,0,0,0,0,0,0,0,0,0,0,0,0,0,45080,44020,6811654.8,0,0
0,0,0,0,0,0,0,0,0,0,0,0,0,0,0,45081,27453,4529745,0,0
0,0,0,0,0,0,0,0,0,0,0,0,0,0,0,45082,34919,5403366.06,0,0
0,0,0,0,0,0,0,0,0,0,0,0,0,0,0,45083,67050,5998293,0,0
0,0,0,0,0,0,0,0,0,0,0,0,0,0,0,45084,55885,4999472.1,0,0
0,0,0,0,0,0,0,0,0,0,0,0,0,0,0,45085,52157,4665965.22,0,0
0,0,0,0,0,0,0,0,0,0,0,0,0,0,0,45086,25858,1496919.62,0,0
0,0,0,0,0,0,0,0,0,0,0,0,0,0,0,45087,24239,3750742.86,0,0
0,0,0,0,0,0,0,0,0,0,0,0,0,0,0,45088,65133,2930985,0,0
0,0,0,0,0,0,0,0,0,0,0,0,0,0,0,45089,25447,1145115,0,0
0,0,0,0,0,0,0,0,0,0,0,0,0,0,0,45090,32029,1854158.81,0,0
0,0,0,0,0,0,0,0,0,0,0,0,0,0,0,45091,24497,4042005,0,0
0,0,0,0,0,0,0,0,0,0,0,0,0,0,0,45092,36087,2773646.82,0,0
0,0,0,0,0,0,0,0,0,0,0,0,0,0,0,45093,41337,1860165,0,0
0,0,0,0,0,0,0,0,0,0,0,0,0,0,0,45094,17349,2862585,0,0
0,0,0,0,0,0,0,0,0,0,0,0,0,0,0,45095,53971,3124381.19,0,0
0,0,0,0,0,0,0,0,0,0,0,0,0,0,0,45096,52058,2342610,0,0
0,0,0,0,0,0,0,0,0,0,0,0,0,0,0,45097,26294,1522159.66,0,0
0,0,0,0,0,0,0,0,0,0,0,0,0,0,0,45098,58279,4479323.94,0,0
0,0,0,0,0,0,0,0,0,0,0,0,0,0,0,45099,52481,4033689.66,0,0
0,0,0,0,0,0,0,0,0,0,0,0,0,0,0,45100,28916,2586825.36,0,0
0,0,0,0,0,0,0,0,0,0,0,0,0,0,0,45101,4083,183735,0,0
0,0,0,0,0,0,0,0,0,0,0,0,0,0,0,45102,14414,1107860.04,0,0
0,0,0,0,0,0,0,0,0,0,0,0,0,0,0,45103,21708,1256676.12,0,0
0,0,0,0,0,0,0,0,0,0,0,0,0,0,0,45104,60599,9377089.26,0,0
0,0,0,0,0,0,0,0,0,0,0,0,0,0,0,45105,69824,3142080,0,0
0,0,0,0,0,0,0,0,0,0,0,0,0,0,0,45106,28878,1299510,0,0
0,0,0,0,0,0,0,0,0,0,0,0,0,0,0,45107,6398,287910,0,0
0,0,0,0,0,0,0,0,0,0,0,0,0,0,0,45108,60186,4625895.96,0,0
0,0,0,0,0,0,0,0,0,0,0,0,0,0,0,45109,45750,3516345,0,0
0,0,0,0,0,0,0,0,0,0,0,0,0,0,0,45110,23500,2102310,0,0
0,0,0,0,0,0,0,0,0,0,0,0,0,0,0,45111,37037,2846663.82,0,0
0,0,0,0,0,0,0,0,0,0,0,0,0,0,0,45112,24666,4069890,0,0
0,0,0,0,0,0,0,0,0,0,0,0,0,0,0,45113,47823,4278245.58,0,0
0,0,0,0,0,0,0,0,0,0,0,0,0,0,0,45114,15883,714735,0,0
0,0,0,0,0,0,0,0,0,0,0,0,0,0,0,45115,59970,5364916.19999999,0,0
0,0,0,0,0,0,0,0,0,0,0,0,0,0,0,45116,28706,1661790.34,0,0
0,0,0,0,0,0,0,0,0,0,0,0,0,0,0,45117,36904,3301431.84,0,0
0,0,0,0,0,0,0,0,0,0,0,0,0,0,0,45118,12685,1962876.9,0,0
0,0,0,0,0,0,0,0,0,0,0,0,0,0,0,45119,15271,2519715,0,0
0,0,0,0,0,0,0,0,0,0,0,0,0,0,0,45120,28799,4751835,0,0
0,0,0,0,0,0,0,0,0,0,0,0,0,0,0,45121,3398,303985.079999999,0,0
0,0,0,0,0,0,0,0,0,0,0,0,0,0,0,45122,40676,1830420,0,0
0,0,0,0,0,0,0,0,0,0,0,0,0,0,0,45123,62932,5629896.72,0,0
0,0,0,0,0,0,0,0,0,0,0,0,0,0,0,45124,38530,2961415.8,0,0
0,0,0,0,0,0,0,0,0,0,0,0,0,0,0,45125,23864,3937560,0,0
0,0,0,0,0,0,0,0,0,0,0,0,0,0,0,45126,25374,3926372.76,0,0
0,0,0,0,0,0,0,0,0,0,0,0,0,0,0,45127,39359,2278492.51,0,0
0,0,0,0,0,0,0,0,0,0,0,0,0,0,0,45128,40904,3659271.84,0,0
0,0,0,0,0,0,0,0,0,0,0,0,0,0,0,45129,64692,4972227.12,0,0
0,0,0,0,0,0,0,0,0,0,0,0,0,0,0,45130,42453,7004745,0,0
0,0,0,0,0,0,0,0,0,0,0,0,0,0,0,45131,29890,4625178.6,0,0
0,0,0,0,0,0,0,0,0,0,0,0,0,0,0,45132,55663,4278258.18,0,0
0,0,0,0,0,0,0,0,0,0,0,0,0,0,0,45133,69360,4015250.4,0,0
0,0,0,0,0,0,0,0,0,0,0,0,0,0,0,45134,61420,3555603.8,0,0
0,0,0,0,0,0,0,0,0,0,0,0,0,0,0,45135,34813,1566585,0,0
0,0,0,0,0,0,0,0,0,0,0,0,0,0,0,45136,67362,10423595.88,0,0
0,0,0,0,0,0,0,0,0,0,0,0,0,0,0,45137,53278,2397510,0,0
0,0,0,0,0,0,0,0,0,0,0,0,0,0,0,45138,28394,4685010,0,0
0,0,0,0,0,0,0,0,0,0,0,0,0,0,0,45139,26589,4114381.86,0,0
0,0,0,0,0,0,0,0,0,0,0,0,0,0,0,45140,267,23885.82,0,0
0,0,0,0,0,0,0,0,0,0,0,0,0,0,0,45141,13267,597015,0,0
0,0,0,0,0,0,0,0,0,0,0,0,0,0,0,45142,27507,4538655,0,0
0,0,0,0,0,0,0,0,0,0,0,0,0,0,0,45143,67116,6004197.35999999,0,0
0,0,0,0,0,0,0,0,0,0,0,0,0,0,0,45144,11105,1718387.7,0,0
0,0,0,0,0,0,0,0,0,0,0,0,0,0,0,45145,56860,9381900,0,0
0,0,0,0,0,0,0,0,0,0,0,0,0,0,0,45146,27541,2463817.86,0,0
0,0,0,0,0,0,0,0,0,0,0,0,0,0,0,45147,54499,3154947.11,0,0
0,0,0,0,0,0,0,0,0,0,0,0,0,0,0,45148,65616,10826640,0,0
0,0,0,0,0,0,0,0,0,0,0,0,0,0,0,45149,52231,8082224.94,0,0
0,0,0,0,0,0,0,0,0,0,0,0,0,0,0,45150,17122,1531734.11999999,0,0
0,0,0,0,0,0,0,0,0,0,0,0,0,0,0,45151,55397,8572131.78,0,0
0,0,0,0,0,0,0,0,0,0,0,0,0,0,0,45152,13440,2217600,0,0
0,0,0,0,0,0,0,0,0,0,0,0,0,0,0,45153,11852,1955580,0,0
0,0,0,0,0,0,0,0,0,0,0,0,0,0,0,45154,34654,2663506.44,0,0
0,0,0,0,0,0,0,0,0,0,0,0,0,0,0,45155,10504,1625388.96,0,0
0,0,0,0,0,0,0,0,0,0,0,0,0,0,0,45156,5014,385376.04,0,0
0,0,0,0,0,0,0,0,0,0,0,0,0,0,0,45157,58132,9591780,0,0
0,0,0,0,0,0,0,0,0,0,0,0,0,0,0,45158,66201,2979045,0,0
0,0,0,0,0,0,0,0,0,0,0,0,0,0,0,45159,13823,1062435.78,0,0
0,0,0,0,0,0,0,0,0,0,0,0,0,0,0,45160,23922,1076490,0,0
0,0,0,0,0,0,0,0,0,0,0,0,0,0,0,45161,33137,5467605,0,0
0,0,0,0,0,0,0,0,0,0,0,0,0,0,0,45162,59835,9258867.9,0,0
0,0,0,0,0,0,0,0,0,0,0,0,0,0,0,45163,23520,1807747.2,0,0
0,0,0,0,0,0,0,0,0,0,0,0,0,0,0,45164,27310,2099046.6,0,0
0,0,0,0,0,0,0,0,0,0,0,0,0,0,0,45165,5060,292923.4,0,0
0,0,0,0,0,0,0,0,0,0,0,0,0,0,0,45166,64648,2909160,0,0
0,0,0,0,0,0,0,0,0,0,0,0,0,0,0,45167,69444,11458260,0,0
0,0,0,0,0,0,0,0,0,0,0,0,0,0,0,45168,42421,1908945,0,0
0,0,0,0,0,0,0,0,0,0,0,0,0,0,0,45169,44869,2019105,0,0
0,0,0,0,0,0,0,0,0,0,0,0,0,0,0,45170,64780,5795218.8,0,0
0,0,0,0,0,0,0,0,0,0,0,0,0,0,0,45171,66998,5993641.07999999,0,0
0,0,0,0,0,0,0,0,0,0,0,0,0,0,0,45172,24747,1432603.83,0,0
0,0,0,0,0,0,0,0,0,0,0,0,0,0,0,45173,60044,9907260,0,0
0,0,0,0,0,0,0,0,0,0,0,0,0,0,0,45174,4031,623756.94,0,0
0,0,0,0,0,0,0,0,0,0,0,0,0,0,0,45175,67595,3041775,0,0
0,0,0,0,0,0,0,0,0,0,0,0,0,0,0,45176,22516,2014281.35999999,0,0
0,0,0,0,0,0,0,0,0,0,0,0,0,0,0,45177,33439,5517435,0,0
0,0,0,0,0,0,0,0,0,0,0,0,0,0,0,45178,53777,8873205,0,0
0,0,0,0,0,0,0,0,0,0,0,0,0,0,0,45179,63594,9840535.56,0,0
0,0,0,0,0,0,0,0,0,0,0,0,0,0,0,45180,22821,3765465,0,0
0,0,0,0,0,0,0,0,0,0,0,0,0,0,0,45181,16423,1262271.78,0,0
0,0,0,0,0,0,0,0,0,0,0,0,0,0,0,45182,49820,4456897.19999999,0,0
0,0,0,0,0,0,0,0,0,0,0,0,0,0,0,45183,28114,2160842.04,0,0
0,0,0,0,0,0,0,0,0,0,0,0,0,0,0,45184,45915,3529026.9,0,0
0,0,0,0,0,0,0,0,0,0,0,0,0,0,0,45185,47350,4235931,0,0
0,0,0,0,0,0,0,0,0,0,0,0,0,0,0,45186,44173,3395136.78,0,0
0,0,0,0,0,0,0,0,0,0,0,0,0,0,0,45187,12687,734450.43,0,0
0,0,0,0,0,0,0,0,0,0,0,0,0,0,0,45188,34917,5761305,0,0
0,0,0,0,0,0,0,0,0,0,0,0,0,0,0,45189,5677,507864.42,0,0
0,0,0,0,0,0,0,0,0,0,0,0,0,0,0,45190,41194,6374359.56,0,0
0,0,0,0,0,0,0,0,0,0,0,0,0,0,0,45191,33057,5454405,0,0
0,0,0,0,0,0,0,0,0,0,0,0,0,0,0,45192,34572,1555740,0,0
0,0,0,0,0,0,0,0,0,0,0,0,0,0,0,45193,42292,1903140,0,0
0,0,0,0,0,0,0,0,0,0,0,0,0,0,0,45194,62245,5568437.69999999,0,0
0,0,0,0,0,0,0,0,0,0,0,0,0,0,0,45195,44379,3970145.34,0,0
0,0,0,0,0,0,0,0,0,0,0,0,0,0,0,45196,32531,5033846.94,0,0
0,0,0,0,0,0,0,0,0,0,0,0,0,0,0,45197,28048,4627920,0,0
0,0,0,0,0,0,0,0,0,0,0,0,0,0,0,45198,4960,223200,0,0
0,0,0,0,0,0,0,0,0,0,0,0,0,0,0,45199,21510,1924284.59999999,0,0
0,0,0,0,0,0,0,0,0,0,0,0,0,0,0,45200,57413,2583585,0,0
0,0,0,0,0,0,0,0,0,0,0,0,0,0,0,45201,61431,3556240.59,0,0
0,0,0,0,0,0,0,0,0,0,0,0,0,0,0,45202,39567,1780515,0,0
0,0,0,0,0,0,0,0,0,0,0,0,0,0,0,45203,66018,5074143.47999999,0,0
0,0,0,0,0,0,0,0,0,0,0,0,0,0,0,45204,45773,2059785,0,0
0,0,0,0,0,0,0,0,0,0,0,0,0,0,0,45205,10820,626369.8,0,0
0,0,0,0,0,0,0,0,0,0,0,0,0,0,0,45206,69058,11394570,0,0
0,0,0,0,0,0,0,0,0,0,0,0,0,0,0,45207,5670,328236.3,0,0
0,0,0,0,0,0,0,0,0,0,0,0,0,0,0,45208,63977,9899800.98,0,0
0,0,0,0,0,0,0,0,0,0,0,0,0,0,0,45209,31804,1431180,0,0
0,0,0,0,0,0,0,0,0,0,0,0,0,0,0,45210,47511,7351852.14,0,0
0,0,0,0,0,0,0,0,0,0,0,0,0,0,0,45211,34985,2025281.65,0,0
0,0,0,0,0,0,0,0,0,0,0,0,0,0,0,45212,27432,1588038.48,0,0
0,0,0,0,0,0,0,0,0,0,0,0,0,0,0,45213,29773,2288352.78,0,0
0,0,0,0,0,0,0,0,0,0,0,0,0,0,0,45214,50010,4473894.6,0,0
0,0,0,0,0,0,0,0,0,0,0,0,0,0,0,45215,51227,2305215,0,0
0,0,0,0,0,0,0,0,0,0,0,0,0,0,0,45216,47593,2141685,0,0
0,0,0,0,0,0,0,0,0,0,0,0,0,0,0,45217,870,143550,0,0
0,0,0,0,0,0,0,0,0,0,0,0,0,0,0,45218,35047,3135304.61999999,0,0
0,0,0,0,0,0,0,0,0,0,0,0,0,0,0,45219,28625,2200117.5,0,0
0,0,0,0,0,0,0,0,0,0,0,0,0,0,0,45220,27138,4477770,0,0
0,0,0,0,0,0,0,0,0,0,0,0,0,0,0,45221,51098,2958063.22,0,0
0,0,0,0,0,0,0,0,0,0,0,0,0,0,0,45222,36646,1649070,0,0
0,0,0,0,0,0,0,0,0,0,0,0,0,0,0,45223,18787,1443968.82,0,0
0,0,0,0,0,0,0,0,0,0,0,0,0,0,0,45224,1154,103236.84,0,0
0,0,0,0,0,0,0,0,0,0,0,0,0,0,0,45225,59077,3419967.53,0,0
0,0,0,0,0,0,0,0,0,0,0,0,0,0,0,45226,53617,2412765,0,0
0,0,0,0,0,0,0,0,0,0,0,0,0,0,0,45227,42938,3300214.68,0,0
0,0,0,0,0,0,0,0,0,0,0,0,0,0,0,45228,25423,1954011.78,0,0
0,0,0,0,0,0,0,0,0,0,0,0,0,0,0,45229,20204,909180,0,0
0,0,0,0,0,0,0,0,0,0,0,0,0,0,0,45230,723,55569.78,0,0
0,0,0,0,0,0,0,0,0,0,0,0,0,0,0,45231,40554,6691410,0,0
0,0,0,0,0,0,0,0,0,0,0,0,0,0,0,45232,43986,3380763.96,0,0
0,0,0,0,0,0,0,0,0,0,0,0,0,0,0,45233,20804,1204343.56,0,0
0,0,0,0,0,0,0,0,0,0,0,0,0,0,0,45234,64974,3761344.86,0,0
0,0,0,0,0,0,0,0,0,0,0,0,0,0,0,45235,14254,2205663.96,0,0
0,0,0,0,0,0,0,0,0,0,0,0,0,0,0,45236,27063,1566677.07,0,0
0,0,0,0,0,0,0,0,0,0,0,0,0,0,0,45237,66947,3012615,0,0
0,0,0,0,0,0,0,0,0,0,0,0,0,0,0,45238,29177,4514848.98,0,0
0,0,0,0,0,0,0,0,0,0,0,0,0,0,0,45239,1194,197010,0,0
0,0,0,0,0,0,0,0,0,0,0,0,0,0,0,45240,45422,7028600.28,0,0
0,0,0,0,0,0,0,0,0,0,0,0,0,0,0,45241,10145,1673925,0,0
0,0,0,0,0,0,0,0,0,0,0,0,0,0,0,45242,41738,3733881.47999999,0,0
0,0,0,0,0,0,0,0,0,0,0,0,0,0,0,45243,48106,4303562.76,0,0
0,0,0,0,0,0,0,0,0,0,0,0,0,0,0,45244,17614,1019674.46,0,0
0,0,0,0,0,0,0,0,0,0,0,0,0,0,0,45245,41855,6906075,0,0
0,0,0,0,0,0,0,0,0,0,0,0,0,0,0,45246,65580,3796426.2,0,0
0,0,0,0,0,0,0,0,0,0,0,0,0,0,0,45247,51376,2974156.64,0,0
0,0,0,0,0,0,0,0,0,0,0,0,0,0,0,45248,29414,1323630,0,0
0,0,0,0,0,0,0,0,0,0,0,0,0,0,0,45249,31692,1426140,0,0
0,0,0,0,0,0,0,0,0,0,0,0,0,0,0,45250,9443,1461209.82,0,0
0,0,0,0,0,0,0,0,0,0,0,0,0,0,0,45251,54563,4193712.18,0,0
0,0,0,0,0,0,0,0,0,0,0,0,0,0,0,45252,34004,5261778.96,0,0
0,0,0,0,0,0,0,0,0,0,0,0,0,0,0,45253,7436,571530.96,0,0
0,0,0,0,0,0,0,0,0,0,0,0,0,0,0,45254,15053,1346641.38,0,0
0,0,0,0,0,0,0,0,0,0,0,0,0,0,0,45255,62538,3620324.82,0,0
0,0,0,0,0,0,0,0,0,0,0,0,0,0,0,45256,35191,1583595,0,0
0,0,0,0,0,0,0,0,0,0,0,0,0,0,0,45257,24518,4045470,0,0
0,0,0,0,0,0,0,0,0,0,0,0,0,0,0,45258,41127,3161021.22,0,0
0,0,0,0,0,0,0,0,0,0,0,0,0,0,0,45259,64305,4942482.3,0,0
0,0,0,0,0,0,0,0,0,0,0,0,0,0,0,45260,54758,2464110,0,0
0,0,0,0,0,0,0,0,0,0,0,0,0,0,0,45261,49050,3769983,0,0
0,0,0,0,0,0,0,0,0,0,0,0,0,0,0,45262,58443,2629935,0,0
0,0,0,0,0,0,0,0,0,0,0,0,0,0,0,45263,18987,3132855,0,0
0,0,0,0,0,0,0,0,0,0,0,0,0,0,0,45264,65299,3780159.11,0,0
0,0,0,0,0,0,0,0,0,0,0,0,0,0,0,45265,14810,1324902.59999999,0,0
0,0,0,0,0,0,0,0,0,0,0,0,0,0,0,45266,49714,2237130,0,0
0,0,0,0,0,0,0,0,0,0,0,0,0,0,0,45267,66601,5118952.86,0,0
0,0,0,0,0,0,0,0,0,0,0,0,0,0,0,45268,14895,670275,0,0
0,0,0,0,0,0,0,0,0,0,0,0,0,0,0,45269,47229,2125305,0,0
0,0,0,0,0,0,0,0,0,0,0,0,0,0,0,45270,42761,1924245,0,0
0,0,0,0,0,0,0,0,0,0,0,0,0,0,0,45271,19467,876015,0,0
0,0,0,0,0,0,0,0,0,0,0,0,0,0,0,45272,8618,498896.02,0,0
0,0,0,0,0,0,0,0,0,0,0,0,0,0,0,45273,14216,1092641.76,0,0
0,0,0,0,0,0,0,0,0,0,0,0,0,0,0,45274,22693,1021185,0,0
0,0,0,0,0,0,0,0,0,0,0,0,0,0,0,45275,7243,647958.779999999,0,0
0,0,0,0,0,0,0,0,0,0,0,0,0,0,0,45276,52715,2372175,0,0
0,0,0,0,0,0,0,0,0,0,0,0,0,0,0,45277,25574,1480478.86,0,0
0,0,0,0,0,0,0,0,0,0,0,0,0,0,0,45278,64666,4970228.76,0,0
0,0,0,0,0,0,0,0,0,0,0,0,0,0,0,45279,35053,1577385,0,0
0,0,0,0,0,0,0,0,0,0,0,0,0,0,0,45280,15090,1349951.4,0,0
0,0,0,0,0,0,0,0,0,0,0,0,0,0,0,45281,7992,1318680,0,0
0,0,0,0,0,0,0,0,0,0,0,0,0,0,0,45282,28880,1671863.2,0,0
0,0,0,0,0,0,0,0,0,0,0,0,0,0,0,45283,60104,4619593.44,0,0
0,0,0,0,0,0,0,0,0,0,0,0,0,0,0,45284,49958,2248110,0,0
0,0,0,0,0,0,0,0,0,0,0,0,0,0,0,45285,39935,6589275,0,0
0,0,0,0,0,0,0,0,0,0,0,0,0,0,0,45286,63426,9814539.24,0,0
0,0,0,0,0,0,0,0,0,0,0,0,0,0,0,45287,38218,5913853.32,0,0
0,0,0,0,0,0,0,0,0,0,0,0,0,0,0,45288,1759,135196.74,0,0
0,0,0,0,0,0,0,0,0,0,0,0,0,0,0,45289,22487,1011915,0,0
0,0,0,0,0,0,0,0,0,0,0,0,0,0,0,45290,12662,733003.18,0,0
0,0,0,0,0,0,0,0,0,0,0,0,0,0,0,45291,7964,712459.44,0,0
0,0,0,0,0,0,0,0,0,0,0,0,0,0,0,45292,11430,514350,0,0
0,0,0,0,0,0,0,0,0,0,0,0,0,0,0,45293,60319,9333762.06,0,0
0,0,0,0,0,0,0,0,0,0,0,0,0,0,0,45294,51058,3924317.88,0,0
0,0,0,0,0,0,0,0,0,0,0,0,0,0,0,45295,55277,2487465,0,0
0,0,0,0,0,0,0,0,0,0,0,0,0,0,0,45296,59130,5289769.8,0,0
0,0,0,0,0,0,0,0,0,0,0,0,0,0,0,45297,66897,5984605.61999999,0,0
0,0,0,0,0,0,0,0,0,0,0,0,0,0,0,45298,49065,2207925,0,0
0,0,0,0,0,0,0,0,0,0,0,0,0,0,0,45299,17637,1021005.93,0,0
0,0,0,0,0,0,0,0,0,0,0,0,0,0,0,45300,3778,218708.42,0,0
0,0,0,0,0,0,0,0,0,0,0,0,0,0,0,45301,21302,1905676.92,0,0
0,0,0,0,0,0,0,0,0,0,0,0,0,0,0,45302,41337,1860165,0,0
0,0,0,0,0,0,0,0,0,0,0,0,0,0,0,45303,24262,1091790,0,0
0,0,0,0,0,0,0,0,0,0,0,0,0,0,0,45304,38529,6357285,0,0
0,0,0,0,0,0,0,0,0,0,0,0,0,0,0,45305,63786,9870245.64,0,0
0,0,0,0,0,0,0,0,0,0,0,0,0,0,0,45306,16660,1280487.6,0,0
0,0,0,0,0,0,0,0,0,0,0,0,0,0,0,45307,51271,3940689.06,0,0
0,0,0,0,0,0,0,0,0,0,0,0,0,0,0,45308,53902,2425590,0,0
0,0,0,0,0,0,0,0,0,0,0,0,0,0,0,45309,41818,6470917.32,0,0
0,0,0,0,0,0,0,0,0,0,0,0,0,0,0,45310,6637,593746.019999999,0,0
0,0,0,0,0,0,0,0,0,0,0,0,0,0,0,45311,34448,2647673.28,0,0
0,0,0,0,0,0,0,0,0,0,0,0,0,0,0,45312,15619,2577135,0,0
0,0,0,0,0,0,0,0,0,0,0,0,0,0,0,45313,39112,6453480,0,0
0,0,0,0,0,0,0,0,0,0,0,0,0,0,0,45314,22109,3647985,0,0
0,0,0,0,0,0,0,0,0,0,0,0,0,0,0,45315,27309,1228905,0,0
0,0,0,0,0,0,0,0,0,0,0,0,0,0,0,45316,39902,2309926.78,0,0
0,0,0,0,0,0,0,0,0,0,0,0,0,0,0,45317,22162,3429347.88,0,0
0,0,0,0,0,0,0,0,0,0,0,0,0,0,0,45318,66113,5914468.97999999,0,0
0,0,0,0,0,0,0,0,0,0,0,0,0,0,0,45319,24373,4021545,0,0
0,0,0,0,0,0,0,0,0,0,0,0,0,0,0,45320,54914,4912606.43999999,0,0
0,0,0,0,0,0,0,0,0,0,0,0,0,0,0,45321,56541,4345741.26,0,0
0,0,0,0,0,0,0,0,0,0,0,0,0,0,0,45322,47078,3618415.08,0,0
0,0,0,0,0,0,0,0,0,0,0,0,0,0,0,45323,34402,1548090,0,0
0,0,0,0,0,0,0,0,0,0,0,0,0,0,0,45324,60519,5414029.73999999,0,0
0,0,0,0,0,0,0,0,0,0,0,0,0,0,0,45325,11508,884504.88,0,0
0,0,0,0,0,0,0,0,0,0,0,0,0,0,0,45326,20344,1177714.16,0,0
0,0,0,0,0,0,0,0,0,0,0,0,0,0,0,45327,32240,2884190.4,0,0
0,0,0,0,0,0,0,0,0,0,0,0,0,0,0,45328,62628,10333620,0,0
0,0,0,0,0,0,0,0,0,0,0,0,0,0,0,45329,11648,674302.72,0,0
0,0,0,0,0,0,0,0,0,0,0,0,0,0,0,45330,33811,2598713.46,0,0
0,0,0,0,0,0,0,0,0,0,0,0,0,0,0,45331,11048,988354.08,0,0
0,0,0,0,0,0,0,0,0,0,0,0,0,0,0,45332,22050,3412017,0,0
0,0,0,0,0,0,0,0,0,0,0,0,0,0,0,45333,57541,5147617.85999999,0,0
0,0,0,0,0,0,0,0,0,0,0,0,0,0,0,45334,52467,3037314.63,0,0
0,0,0,0,0,0,0,0,0,0,0,0,0,0,0,45335,18081,1617526.25999999,0,0
0,0,0,0,0,0,0,0,0,0,0,0,0,0,0,45336,6303,975326.22,0,0
0,0,0,0,0,0,0,0,0,0,0,0,0,0,0,45337,63505,2857725,0,0
0,0,0,0,0,0,0,0,0,0,0,0,0,0,0,45338,3728,333506.88,0,0
0,0,0,0,0,0,0,0,0,0,0,0,0,0,0,45339,8019,616340.34,0,0
0,0,0,0,0,0,0,0,0,0,0,0,0,0,0,45340,14150,2334750,0,0
0,0,0,0,0,0,0,0,0,0,0,0,0,0,0,45341,9034,406530,0,0
0,0,0,0,0,0,0,0,0,0,0,0,0,0,0,45342,40539,1824255,0,0
0,0,0,0,0,0,0,0,0,0,0,0,0,0,0,45343,32077,4963594.98,0,0
0,0,0,0,0,0,0,0,0,0,0,0,0,0,0,45344,54745,8471241.3,0,0
0,0,0,0,0,0,0,0,0,0,0,0,0,0,0,45345,31844,1432980,0,0
0,0,0,0,0,0,0,0,0,0,0,0,0,0,0,45346,101988,6690315.93999999,0,0
0,0,0,0,0,0,0,0,0,0,0,0,0,0,0,45347,20759,2319275.58,0,0
0,0,0,0,0,0,0,0,0,0,0,0,0,0,0,45348,93137,9132318.24,0,0
0,0,0,0,0,0,0,0,0,0,0,0,0,0,0,45349,111817,13120595.2199999,0,0
0,0,0,0,0,0,0,0,0,0,0,0,0,0,0,45350,77252,10319945.88,0,0
0,0,0,0,0,0,0,0,0,0,0,0,0,0,0,45351,71573,7094186.77,0,0
0,0,0,0,0,0,0,0,0,0,0,0,0,0,0,45352,67337,5273572.74,0,0
0,0,0,0,0,0,0,0,0,0,0,0,0,0,0,45353,72406,4516321.39,0,0
0,0,0,0,0,0,0,0,0,0,0,0,0,0,0,45354,45760,6739920,0,0
0,0,0,0,0,0,0,0,0,0,0,0,0,0,0,45355,50056,2624976.55,0,0
0,0,0,0,0,0,0,0,0,0,0,0,0,0,0,45356,119357,14294778.42,0,0
0,0,0,0,0,0,0,0,0,0,0,0,0,0,0,45357,92194,7529116.71,0,0
0,0,0,0,0,0,0,0,0,0,0,0,0,0,0,45358,57237,3244295.08,0,0
0,0,0,0,0,0,0,0,0,0,0,0,0,0,0,45359,114400,5821309.15,0,0
0,0,0,0,0,0,0,0,0,0,0,0,0,0,0,45360,56980,5807180.9,0,0
0,0,0,0,0,0,0,0,0,0,0,0,0,0,0,45361,69360,5183455.1,0,0
0,0,0,0,0,0,0,0,0,0,0,0,0,0,0,45362,34679,5167369.98,0,0
0,0,0,0,0,0,0,0,0,0,0,0,0,0,0,45363,17072,943820.46,0,0
0,0,0,0,0,0,0,0,0,0,0,0,0,0,0,45364,46565,7111426.75,0,0
0,0,0,0,0,0,0,0,0,0,0,0,0,0,0,45365,108789,13202745,0,0
0,0,0,0,0,0,0,0,0,0,0,0,0,0,0,45366,67884,4876248.06,0,0
0,0,0,0,0,0,0,0,0,0,0,0,0,0,0,45367,115304,13417164.36,0,0
0,0,0,0,0,0,0,0,0,0,0,0,0,0,0,45368,71118,4651627.4,0,0
0,0,0,0,0,0,0,0,0,0,0,0,0,0,0,45369,125902,13107602.18,0,0
0,0,0,0,0,0,0,0,0,0,0,0,0,0,0,45370,53335,8392395,0,0
0,0,0,0,0,0,0,0,0,0,0,0,0,0,0,45371,79469,4600460.41,0,0
0,0,0,0,0,0,0,0,0,0,0,0,0,0,0,45372,68067,5231629.62,0,0
0,0,0,0,0,0,0,0,0,0,0,0,0,0,0,45373,64904,10522048.38,0,0
0,0,0,0,0,0,0,0,0,0,0,0,0,0,0,45374,44602,4424708.7,0,0
0,0,0,0,0,0,0,0,0,0,0,0,0,0,0,45375,36767,4626687.06,0,0
0,0,0,0,0,0,0,0,0,0,0,0,0,0,0,45376,53409,8264508.66,0,0
0,0,0,0,0,0,0,0,0,0,0,0,0,0,0,45377,99814,9516158.21,0,0
0,0,0,0,0,0,0,0,0,0,0,0,0,0,0,45378,102007,6997629.59,0,0
0,0,0,0,0,0,0,0,0,0,0,0,0,0,0,45379,116567,6748063.63,0,0
0,0,0,0,0,0,0,0,0,0,0,0,0,0,0,45380,17612,1056464.01,0,0
0,0,0,0,0,0,0,0,0,0,0,0,0,0,0,45381,14933,1617184.02,0,0
0,0,0,0,0,0,0,0,0,0,0,0,0,0,0,45382,74596,5860651.65,0,0
0,0,0,0,0,0,0,0,0,0,0,0,0,0,0,45383,51370,3948298.2,0,0
0,0,0,0,0,0,0,0,0,0,0,0,0,0,0,45384,108060,11731043.4,0,0
0,0,0,0,0,0,0,0,0,0,0,0,0,0,0,45385,74043,4575025.35,0,0
0,0,0,0,0,0,0,0,0,0,0,0,0,0,0,45386,81252,11118731.73,0,0
0,0,0,0,0,0,0,0,0,0,0,0,0,0,0,45387,55867,6492723.66,0,0
0,0,0,0,0,0,0,0,0,0,0,0,0,0,0,45388,90209,4059405,0,0
0,0,0,0,0,0,0,0,0,0,0,0,0,0,0,45389,41412,2248631.82,0,0
0,0,0,0,0,0,0,0,0,0,0,0,0,0,0,45390,69435,8660535,0,0
0,0,0,0,0,0,0,0,0,0,0,0,0,0,0,45391,50081,7461986.29,0,0
0,0,0,0,0,0,0,0,0,0,0,0,0,0,0,45392,57481,5142250.26,0,0
0,0,0,0,0,0,0,0,0,0,0,0,0,0,0,45393,85446,5583479.04,0,0
0,0,0,0,0,0,0,0,0,0,0,0,0,0,0,45394,85653,9807825,0,0
0,0,0,0,0,0,0,0,0,0,0,0,0,0,0,45395,20035,1500606.72,0,0
0,0,0,0,0,0,0,0,0,0,0,0,0,0,0,45396,55601,3266508.35,0,0
0,0,0,0,0,0,0,0,0,0,0,0,0,0,0,45397,75129,10832833.62,0,0
0,0,0,0,0,0,0,0,0,0,0,0,0,0,0,45398,132737,15781515.96,0,0
0,0,0,0,0,0,0,0,0,0,0,0,0,0,0,45399,52057,3886740.45,0,0
0,0,0,0,0,0,0,0,0,0,0,0,0,0,0,45400,72375,10471787.94,0,0
0,0,0,0,0,0,0,0,0,0,0,0,0,0,0,45401,42803,3829156.38,0,0
0,0,0,0,0,0,0,0,0,0,0,0,0,0,0,45402,103599,8539762.14,0,0
0,0,0,0,0,0,0,0,0,0,0,0,0,0,0,45403,106049,8150926.14,0,0
0,0,0,0,0,0,0,0,0,0,0,0,0,0,0,45404,54854,6875822.52,0,0
0,0,0,0,0,0,0,0,0,0,0,0,0,0,0,45405,66748,5130251.28,0,0
0,0,0,0,0,0,0,0,0,0,0,0,0,0,0,45406,71777,8342152.61999999,0,0
0,0,0,0,0,0,0,0,0,0,0,0,0,0,0,45407,80356,10782765.42,0,0
0,0,0,0,0,0,0,0,0,0,0,0,0,0,0,45408,106401,12425088.78,0,0
0,0,0,0,0,0,0,0,0,0,0,0,0,0,0,45409,70586,4143019.71999999,0,0
0,0,0,0,0,0,0,0,0,0,0,0,0,0,0,45410,39636,3015057.01,0,0
0,0,0,0,0,0,0,0,0,0,0,0,0,0,0,45411,42015,6792456.78,0,0
0,0,0,0,0,0,0,0,0,0,0,0,0,0,0,45412,114071,18821715,0,0
0,0,0,0,0,0,0,0,0,0,0,0,0,0,0,45413,71624,11083097.76,0,0
0,0,0,0,0,0,0,0,0,0,0,0,0,0,0,45414,105804,6851196,0,0
0,0,0,0,0,0,0,0,0,0,0,0,0,0,0,45415,36502,2912895.15999999,0,0
0,0,0,0,0,0,0,0,0,0,0,0,0,0,0,45416,92008,4466399.66,0,0
0,0,0,0,0,0,0,0,0,0,0,0,0,0,0,45417,35900,2092838.93,0,0
0,0,0,0,0,0,0,0,0,0,0,0,0,0,0,45418,98075,6667643.99,0,0
0,0,0,0,0,0,0,0,0,0,0,0,0,0,0,45419,64619,10662135,0,0
0,0,0,0,0,0,0,0,0,0,0,0,0,0,0,45420,95138,8511045.47999999,0,0
0,0,0,0,0,0,0,0,0,0,0,0,0,0,0,45421,39926,3456993.96,0,0
0,0,0,0,0,0,0,0,0,0,0,0,0,0,0,45422,102002,4590090,0,0
0,0,0,0,0,0,0,0,0,0,0,0,0,0,0,45423,33001,2350328.66,0,0
0,0,0,0,0,0,0,0,0,0,0,0,0,0,0,45424,69493,7617274.98,0,0
0,0,0,0,0,0,0,0,0,0,0,0,0,0,0,45425,66336,10770117.12,0,0
0,0,0,0,0,0,0,0,0,0,0,0,0,0,0,45426,49723,4368171.77999999,0,0
0,0,0,0,0,0,0,0,0,0,0,0,0,0,0,45427,12292,1705958.7,0,0
0,0,0,0,0,0,0,0,0,0,0,0,0,0,0,45428,62334,6148690.68,0,0
0,0,0,0,0,0,0,0,0,0,0,0,0,0,0,45429,87148,5848623.83,0,0
0,0,0,0,0,0,0,0,0,0,0,0,0,0,0,45430,50534,4320302.14,0,0
0,0,0,0,0,0,0,0,0,0,0,0,0,0,0,45431,36620,4074138.48,0,0
0,0,0,0,0,0,0,0,0,0,0,0,0,0,0,45432,66466,10284948.84,0,0
0,0,0,0,0,0,0,0,0,0,0,0,0,0,0,45433,43393,3650403.39999999,0,0
0,0,0,0,0,0,0,0,0,0,0,0,0,0,0,45434,126482,14828854.8,0,0
0,0,0,0,0,0,0,0,0,0,0,0,0,0,0,45435,35210,1584450,0,0
0,0,0,0,0,0,0,0,0,0,0,0,0,0,0,45436,29833,4922445,0,0
0,0,0,0,0,0,0,0,0,0,0,0,0,0,0,45437,19400,873000,0,0
0,0,0,0,0,0,0,0,0,0,0,0,0,0,0,45438,10425,932620.499999999,0,0
0,0,0,0,0,0,0,0,0,0,0,0,0,0,0,45439,65889,5894429.93999999,0,0
0,0,0,0,0,0,0,0,0,0,0,0,0,0,0,45440,49905,2245725,0,0
0,0,0,0,0,0,0,0,0,0,0,0,0,0,0,45441,15944,2630760,0,0
0,0,0,0,0,0,0,0,0,0,0,0,0,0,0,45442,44349,6862564.26,0,0
0,0,0,0,0,0,0,0,0,0,0,0,0,0,0,45443,69451,10746847.74,0,0
0,0,0,0,0,0,0,0,0,0,0,0,0,0,0,45444,4000,618960,0,0
0,0,0,0,0,0,0,0,0,0,0,0,0,0,0,45445,18575,1427674.5,0,0
0,0,0,0,0,0,0,0,0,0,0,0,0,0,0,45446,53030,4075885.8,0,0
0,0,0,0,0,0,0,0,0,0,0,0,0,0,0,45447,4500,696330,0,0
0,0,0,0,0,0,0,0,0,0,0,0,0,0,0,45448,65387,2942415,0,0
0,0,0,0,0,0,0,0,0,0,0,0,0,0,0,45449,8073,722210.58,0,0
0,0,0,0,0,0,0,0,0,0,0,0,0,0,0,45450,60928,2741760,0,0
0,0,0,0,0,0,0,0,0,0,0,0,0,0,0,45451,4733,273993.37,0,0
0,0,0,0,0,0,0,0,0,0,0,0,0,0,0,45452,34384,1990489.76,0,0
0,0,0,0,0,0,0,0,0,0,0,0,0,0,0,45453,23028,3563352.72,0,0
0,0,0,0,0,0,0,0,0,0,0,0,0,0,0,45454,58040,4460954.4,0,0
0,0,0,0,0,0,0,0,0,0,0,0,0,0,0,45455,24193,1088685,0,0
0,0,0,0,0,0,0,0,0,0,0,0,0,0,0,45456,49202,2848303.78,0,0
0,0,0,0,0,0,0,0,0,0,0,0,0,0,0,45457,10752,483840,0,0
0,0,0,0,0,0,0,0,0,0,0,0,0,0,0,45458,64097,5734117.61999999,0,0
0,0,0,0,0,0,0,0,0,0,0,0,0,0,0,45459,64858,3754629.62,0,0
0,0,0,0,0,0,0,0,0,0,0,0,0,0,0,45460,28336,2534938.55999999,0,0
0,0,0,0,0,0,0,0,0,0,0,0,0,0,0,45461,9596,555512.44,0,0
0,0,0,0,0,0,0,0,0,0,0,0,0,0,0,45462,32500,2497950,0,0
0,0,0,0,0,0,0,0,0,0,0,0,0,0,0,45463,19786,3264690,0,0
0,0,0,0,0,0,0,0,0,0,0,0,0,0,0,45464,51385,4596902.1,0,0
0,0,0,0,0,0,0,0,0,0,0,0,0,0,0,45465,46509,7196802.66,0,0
0,0,0,0,0,0,0,0,0,0,0,0,0,0,0,45466,66648,5122565.28,0,0
0,0,0,0,0,0,0,0,0,0,0,0,0,0,0,45467,16191,728595,0,0
0,0,0,0,0,0,0,0,0,0,0,0,0,0,0,45468,59105,2659725,0,0
0,0,0,0,0,0,0,0,0,0,0,0,0,0,0,45469,4831,432181.259999999,0,0
0,0,0,0,0,0,0,0,0,0,0,0,0,0,0,45470,1323,76588.47,0,0
